EQUIPO_LOCAL;GOLES_LOCAL;GOLES_VISITANTE;Estadio
;;;Anexos Santo Domingo
;;;Antonio Domínguez
;;;Artunduaga
;;;Berazubi
;;;Camp de la Morera
;;;Campo Municipal de Garachico
;;;Campo de Serralta
;;;Campo de fútbol Luis Oliver
;;;Centro Deportivo Calavera
;;;Centro Deportivo Vega de Triana
;;;Cerro del Espino
;;;Ciudad Deportiva de Getafe
;;;El Astobiza
;;;El Bayu
;;;El Fornás
;;;El Malecón
;;;El Mundo del Fútbol
;;;El Rosal
;;;Estadi Municipal de Capellades
;;;Estadio Francisco Gil Cardona
;;;Estadio La Devesa
;;;Estadio Municipal de Deportes El Mazo
;;;Estadio Vivar Téllez
;;;Etxezuri
;;;Ganzábal
;;;Gobela
;;;Hermanos Antuña
;;;Hermanos Llana
;;;Instalaciones de Zubieta
;;;José del Cuvillo
;;;La Condomina
;;;La Cueva
;;;La Florida
;;;La Mina
;;;La Veigona
;;;Las Callejas
;;;Las Gaunas
;;;Las Tolvas
;;;Mallona
;;;Manuel Galeano Sánchez
;;;Merkatondoa
;;;Mintxeta
;;;Municipal El Molino
;;;Municipal El Molinón-Enrique Castro Quini
;;;Municipal Les Grases
;;;Municipal de Badalona
;;;Municipal de Chapín
;;;Municipal de La Salud
;;;Municipal de Loinaz
;;;Municipal de Miramar
;;;Municipal de Montilla
;;;Municipal de Villafranca
;;;Nou Sardenya
;;;Nuevo Ategorri
;;;Nuevo Pepico Amat
;;;Príncipe Felipe
;;;Silvestre Carrillo
;;;Tabira
;;;Urbieta
;;;Urritxe
;;;Valle las Huertas
;;;Virgen de las Nieves
Alavés;0;0;Mendizorroza
Alavés;0;1;Mendizorroza
Alavés;0;2;Mendizorroza
Alavés;0;3;Mendizorroza
Alavés;0;4;Mendizorroza
Alavés;0;5;Mendizorroza
Alavés;1;0;Mendizorroza
Alavés;1;1;Mendizorroza
Alavés;1;2;Mendizorroza
Alavés;1;3;Mendizorroza
Alavés;1;4;Mendizorroza
Alavés;1;5;Mendizorroza
Alavés;2;0;Mendizorroza
Alavés;2;1;Mendizorroza
Alavés;2;2;Mendizorroza
Alavés;2;3;Mendizorroza
Alavés;2;4;Mendizorroza
Alavés;3;0;Mendizorroza
Alavés;3;1;Mendizorroza
Alavés;3;2;Mendizorroza
Alavés;3;3;Mendizorroza
Alavés;3;4;Mendizorroza
Alavés;4;0;Mendizorroza
Alavés;4;1;Mendizorroza
Alavés;4;2;Mendizorroza
Alavés;5;1;Mendizorroza
Alavés;5;2;Mendizorroza
Alavés;5;3;Mendizorroza
Alavés;6;0;Mendizorroza
Albacete;0;0;Carlos Belmonte
Albacete;0;1;Carlos Belmonte
Albacete;0;2;Carlos Belmonte
Albacete;0;3;Carlos Belmonte
Albacete;0;4;Carlos Belmonte
Albacete;0;5;Carlos Belmonte
Albacete;1;0;Carlos Belmonte
Albacete;1;1;Carlos Belmonte
Albacete;1;2;Carlos Belmonte
Albacete;1;3;Carlos Belmonte
Albacete;1;4;Carlos Belmonte
Albacete;2;0;Carlos Belmonte
Albacete;2;1;Carlos Belmonte
Albacete;2;2;Carlos Belmonte
Albacete;2;3;Carlos Belmonte
Albacete;2;8;Carlos Belmonte
Albacete;3;0;Carlos Belmonte
Albacete;3;1;Carlos Belmonte
Albacete;3;2;Carlos Belmonte
Albacete;3;3;Carlos Belmonte
Albacete;3;4;Carlos Belmonte
Albacete;3;5;Carlos Belmonte
Albacete;4;0;Carlos Belmonte
Albacete;4;1;Carlos Belmonte
Albacete;4;2;Carlos Belmonte
Albacete;4;5;Carlos Belmonte
Albacete;5;0;Carlos Belmonte
Albacete;5;1;Carlos Belmonte
Albacete;6;2;Carlos Belmonte
Alcorcón;0;0;Santo Domingo
Alcorcón;0;1;Santo Domingo
Alcorcón;0;2;Santo Domingo
Alcorcón;0;3;Santo Domingo
Alcorcón;1;0;Santo Domingo
Alcorcón;1;1;Santo Domingo
Alcorcón;1;2;Santo Domingo
Alcorcón;1;3;Santo Domingo
Alcorcón;2;0;Santo Domingo
Alcorcón;2;1;Santo Domingo
Alcorcón;2;2;Santo Domingo
Alcorcón;2;3;Santo Domingo
Alcorcón;3;0;Santo Domingo
Alcorcón;3;1;Santo Domingo
Alcorcón;3;2;Santo Domingo
Alcorcón;3;3;Santo Domingo
Alcorcón;4;0;Santo Domingo
Alcorcón;4;1;Santo Domingo
Alcorcón;5;0;Santo Domingo
Alcorcón;6;1;Santo Domingo
Alcoyano;0;0;El Collao
Alcoyano;0;1;El Collao
Alcoyano;0;3;El Collao
Alcoyano;0;5;El Collao
Alcoyano;1;1;El Collao
Alcoyano;1;3;El Collao
Alcoyano;1;4;El Collao
Alcoyano;2;0;El Collao
Alcoyano;2;1;El Collao
Alcoyano;2;2;El Collao
Alcoyano;3;3;El Collao
Alcoyano;4;0;El Collao
Algeciras;0;0;Nuevo Mirador
Algeciras;0;1;Nuevo Mirador
Algeciras;0;2;Nuevo Mirador
Algeciras;0;3;Nuevo Mirador
Algeciras;1;0;Nuevo Mirador
Algeciras;1;1;Nuevo Mirador
Algeciras;1;2;Nuevo Mirador
Algeciras;1;3;Nuevo Mirador
Algeciras;2;0;Nuevo Mirador
Algeciras;2;1;Nuevo Mirador
Algeciras;2;2;Nuevo Mirador
Algeciras;2;3;Nuevo Mirador
Algeciras;3;0;Nuevo Mirador
Algeciras;3;3;Nuevo Mirador
Algeciras;4;2;Nuevo Mirador
Alicante;0;0;
Alicante;0;1;
Alicante;0;2;
Alicante;0;3;
Alicante;1;1;
Alicante;1;2;
Alicante;1;3;
Alicante;2;0;
Alicante;2;2;
Alicante;3;1;
Alicante;3;3;
Almería (A.D.);0;0;
Almería (A.D.);0;1;
Almería (A.D.);0;2;
Almería (A.D.);0;3;
Almería (A.D.);1;0;
Almería (A.D.);1;1;
Almería (A.D.);1;2;
Almería (A.D.);1;3;
Almería (A.D.);2;0;
Almería (A.D.);2;1;
Almería (A.D.);2;2;
Almería (A.D.);2;5;
Almería (A.D.);3;0;
Almería (A.D.);3;1;
Almería (A.D.);3;2;
Almería (A.D.);3;3;
Almería (A.D.);4;0;
Almería (A.D.);4;2;
Almería;0;0;Juegos Mediterráneos
Almería;0;1;Juegos Mediterráneos
Almería;0;2;Juegos Mediterráneos
Almería;0;3;Juegos Mediterráneos
Almería;0;5;Juegos Mediterráneos
Almería;0;8;Juegos Mediterráneos
Almería;1;0;Juegos Mediterráneos
Almería;1;1;Juegos Mediterráneos
Almería;1;2;Juegos Mediterráneos
Almería;1;3;Juegos Mediterráneos
Almería;1;4;Juegos Mediterráneos
Almería;1;6;Juegos Mediterráneos
Almería;2;0;Juegos Mediterráneos
Almería;2;1;Juegos Mediterráneos
Almería;2;2;Juegos Mediterráneos
Almería;2;3;Juegos Mediterráneos
Almería;2;4;Juegos Mediterráneos
Almería;3;0;Juegos Mediterráneos
Almería;3;1;Juegos Mediterráneos
Almería;3;2;Juegos Mediterráneos
Almería;4;0;Juegos Mediterráneos
Almería;4;1;Juegos Mediterráneos
Almería;4;2;Juegos Mediterráneos
Almería;4;3;Juegos Mediterráneos
Almería;5;1;Juegos Mediterráneos
Almería;6;0;Juegos Mediterráneos
Alzira;0;0;
Alzira;0;1;
Alzira;1;0;
Alzira;1;1;
Alzira;1;2;
Alzira;1;4;
Alzira;1;5;
Alzira;2;0;
Alzira;2;1;
Alzira;2;3;
Alzira;3;2;
At. Madrid B;0;0;Cerro del Espino
At. Madrid B;0;1;Cerro del Espino
At. Madrid B;0;2;Cerro del Espino
At. Madrid B;0;3;Cerro del Espino
At. Madrid B;1;0;Cerro del Espino
At. Madrid B;1;1;Cerro del Espino
At. Madrid B;1;2;Cerro del Espino
At. Madrid B;1;3;Cerro del Espino
At. Madrid B;1;4;Cerro del Espino
At. Madrid B;2;0;Cerro del Espino
At. Madrid B;2;1;Cerro del Espino
At. Madrid B;2;2;Cerro del Espino
At. Madrid B;2;3;Cerro del Espino
At. Madrid B;2;4;Cerro del Espino
At. Madrid B;3;0;Cerro del Espino
At. Madrid B;3;1;Cerro del Espino
At. Madrid B;3;2;Cerro del Espino
At. Madrid B;3;3;Cerro del Espino
At. Madrid B;4;0;Cerro del Espino
At. Madrid B;4;1;Cerro del Espino
At. Madrid B;4;2;Cerro del Espino
At. Madrid B;4;3;Cerro del Espino
At. Madrid B;5;0;Cerro del Espino
At. Madrid B;5;3;Cerro del Espino
At. Madrid B;7;3;Cerro del Espino
At. Madrid;0;0;Wanda Metropolitano
At. Madrid;0;1;Wanda Metropolitano
At. Madrid;0;2;Wanda Metropolitano
At. Madrid;0;3;Wanda Metropolitano
At. Madrid;0;4;Wanda Metropolitano
At. Madrid;0;6;Wanda Metropolitano
At. Madrid;1;0;Wanda Metropolitano
At. Madrid;1;1;Wanda Metropolitano
At. Madrid;1;2;Wanda Metropolitano
At. Madrid;1;3;Wanda Metropolitano
At. Madrid;1;4;Wanda Metropolitano
At. Madrid;2;0;Wanda Metropolitano
At. Madrid;2;1;Wanda Metropolitano
At. Madrid;2;2;Wanda Metropolitano
At. Madrid;2;3;Wanda Metropolitano
At. Madrid;2;4;Wanda Metropolitano
At. Madrid;2;5;Wanda Metropolitano
At. Madrid;3;0;Wanda Metropolitano
At. Madrid;3;1;Wanda Metropolitano
At. Madrid;3;2;Wanda Metropolitano
At. Madrid;3;3;Wanda Metropolitano
At. Madrid;3;4;Wanda Metropolitano
At. Madrid;4;0;Wanda Metropolitano
At. Madrid;4;1;Wanda Metropolitano
At. Madrid;4;2;Wanda Metropolitano
At. Madrid;4;3;Wanda Metropolitano
At. Madrid;5;0;Wanda Metropolitano
At. Madrid;5;1;Wanda Metropolitano
At. Madrid;5;2;Wanda Metropolitano
At. Madrid;6;0;Wanda Metropolitano
At. Madrid;6;1;Wanda Metropolitano
At. Madrid;6;2;Wanda Metropolitano
At. Madrid;6;3;Wanda Metropolitano
At. Madrid;7;0;Wanda Metropolitano
Ath. Bilbao B;0;0;Instalaciones de Lezama
Ath. Bilbao B;0;1;Instalaciones de Lezama
Ath. Bilbao B;0;2;Instalaciones de Lezama
Ath. Bilbao B;1;0;Instalaciones de Lezama
Ath. Bilbao B;1;1;Instalaciones de Lezama
Ath. Bilbao B;1;2;Instalaciones de Lezama
Ath. Bilbao B;1;3;Instalaciones de Lezama
Ath. Bilbao B;2;0;Instalaciones de Lezama
Ath. Bilbao B;2;1;Instalaciones de Lezama
Ath. Bilbao B;2;2;Instalaciones de Lezama
Ath. Bilbao B;2;3;Instalaciones de Lezama
Ath. Bilbao B;2;5;Instalaciones de Lezama
Ath. Bilbao B;3;0;Instalaciones de Lezama
Ath. Bilbao B;3;1;Instalaciones de Lezama
Ath. Bilbao B;3;2;Instalaciones de Lezama
Ath. Bilbao B;3;3;Instalaciones de Lezama
Ath. Bilbao B;4;0;Instalaciones de Lezama
Ath. Bilbao B;4;1;Instalaciones de Lezama
Ath. Bilbao B;4;2;Instalaciones de Lezama
Ath. Bilbao B;4;3;Instalaciones de Lezama
Ath. Bilbao B;5;0;Instalaciones de Lezama
Ath. Bilbao B;6;2;Instalaciones de Lezama
Ath. Bilbao;0;0;San Mamés
Ath. Bilbao;0;1;San Mamés
Ath. Bilbao;0;2;San Mamés
Ath. Bilbao;0;3;San Mamés
Ath. Bilbao;0;4;San Mamés
Ath. Bilbao;0;5;San Mamés
Ath. Bilbao;0;6;San Mamés
Ath. Bilbao;1;0;San Mamés
Ath. Bilbao;1;1;San Mamés
Ath. Bilbao;1;2;San Mamés
Ath. Bilbao;1;3;San Mamés
Ath. Bilbao;1;4;San Mamés
Ath. Bilbao;1;6;San Mamés
Ath. Bilbao;2;0;San Mamés
Ath. Bilbao;2;1;San Mamés
Ath. Bilbao;2;2;San Mamés
Ath. Bilbao;2;3;San Mamés
Ath. Bilbao;2;4;San Mamés
Ath. Bilbao;2;5;San Mamés
Ath. Bilbao;3;0;San Mamés
Ath. Bilbao;3;1;San Mamés
Ath. Bilbao;3;2;San Mamés
Ath. Bilbao;3;3;San Mamés
Ath. Bilbao;3;4;San Mamés
Ath. Bilbao;3;5;San Mamés
Ath. Bilbao;4;0;San Mamés
Ath. Bilbao;4;1;San Mamés
Ath. Bilbao;4;2;San Mamés
Ath. Bilbao;4;3;San Mamés
Ath. Bilbao;4;4;San Mamés
Ath. Bilbao;5;0;San Mamés
Ath. Bilbao;5;1;San Mamés
Ath. Bilbao;5;2;San Mamés
Ath. Bilbao;5;3;San Mamés
Ath. Bilbao;5;4;San Mamés
Ath. Bilbao;6;0;San Mamés
Ath. Bilbao;6;1;San Mamés
Ath. Bilbao;6;3;San Mamés
Ath. Bilbao;7;0;San Mamés
Avilés;0;0;Suárez Puerta
Avilés;0;1;Suárez Puerta
Avilés;0;2;Suárez Puerta
Avilés;1;0;Suárez Puerta
Avilés;1;1;Suárez Puerta
Avilés;1;2;Suárez Puerta
Avilés;2;0;Suárez Puerta
Avilés;2;1;Suárez Puerta
Avilés;2;2;Suárez Puerta
Avilés;2;3;Suárez Puerta
Avilés;3;0;Suárez Puerta
Avilés;3;2;Suárez Puerta
Avilés;3;3;Suárez Puerta
Avilés;4;2;Suárez Puerta
Avilés;5;0;Suárez Puerta
Badajoz;0;0;Nuevo Vivero
Badajoz;0;1;Nuevo Vivero
Badajoz;0;2;Nuevo Vivero
Badajoz;0;3;Nuevo Vivero
Badajoz;0;4;Nuevo Vivero
Badajoz;1;0;Nuevo Vivero
Badajoz;1;1;Nuevo Vivero
Badajoz;1;2;Nuevo Vivero
Badajoz;1;3;Nuevo Vivero
Badajoz;1;4;Nuevo Vivero
Badajoz;1;5;Nuevo Vivero
Badajoz;2;0;Nuevo Vivero
Badajoz;2;1;Nuevo Vivero
Badajoz;2;2;Nuevo Vivero
Badajoz;2;3;Nuevo Vivero
Badajoz;3;1;Nuevo Vivero
Badajoz;3;2;Nuevo Vivero
Badajoz;4;0;Nuevo Vivero
Badajoz;4;3;Nuevo Vivero
Badajoz;4;4;Nuevo Vivero
Badajoz;5;0;Nuevo Vivero
Badajoz;5;1;Nuevo Vivero
Badajoz;7;1;Nuevo Vivero
Barakaldo;0;0;Nuevo Lasesarre
Barakaldo;0;1;Nuevo Lasesarre
Barakaldo;0;5;Nuevo Lasesarre
Barakaldo;1;0;Nuevo Lasesarre
Barakaldo;1;1;Nuevo Lasesarre
Barakaldo;1;2;Nuevo Lasesarre
Barakaldo;2;0;Nuevo Lasesarre
Barakaldo;2;1;Nuevo Lasesarre
Barakaldo;2;2;Nuevo Lasesarre
Barakaldo;2;3;Nuevo Lasesarre
Barakaldo;3;0;Nuevo Lasesarre
Barakaldo;3;1;Nuevo Lasesarre
Barakaldo;3;2;Nuevo Lasesarre
Barakaldo;4;0;Nuevo Lasesarre
Barakaldo;4;1;Nuevo Lasesarre
Barakaldo;4;2;Nuevo Lasesarre
Barakaldo;5;1;Nuevo Lasesarre
Barcelona B;0;0;
Barcelona B;0;1;
Barcelona B;0;2;
Barcelona B;0;3;
Barcelona B;0;4;
Barcelona B;1;0;
Barcelona B;1;1;
Barcelona B;1;2;
Barcelona B;1;3;
Barcelona B;1;4;
Barcelona B;1;5;
Barcelona B;1;6;
Barcelona B;2;0;
Barcelona B;2;1;
Barcelona B;2;2;
Barcelona B;2;3;
Barcelona B;2;4;
Barcelona B;2;5;
Barcelona B;3;0;
Barcelona B;3;1;
Barcelona B;3;2;
Barcelona B;3;3;
Barcelona B;3;4;
Barcelona B;3;5;
Barcelona B;4;0;
Barcelona B;4;1;
Barcelona B;4;2;
Barcelona B;4;3;
Barcelona B;4;4;
Barcelona B;4;5;
Barcelona B;5;0;
Barcelona B;5;1;
Barcelona B;5;2;
Barcelona B;5;3;
Barcelona B;6;0;
Barcelona B;6;1;
Barcelona B;6;2;
Barcelona B;7;0;
Barcelona B;7;1;
Barcelona B;8;1;
Barcelona;0;0;Camp Nou
Barcelona;0;1;Camp Nou
Barcelona;0;2;Camp Nou
Barcelona;0;3;Camp Nou
Barcelona;0;4;Camp Nou
Barcelona;1;0;Camp Nou
Barcelona;1;1;Camp Nou
Barcelona;1;2;Camp Nou
Barcelona;1;3;Camp Nou
Barcelona;1;4;Camp Nou
Barcelona;2;0;Camp Nou
Barcelona;2;1;Camp Nou
Barcelona;2;2;Camp Nou
Barcelona;2;3;Camp Nou
Barcelona;2;4;Camp Nou
Barcelona;3;0;Camp Nou
Barcelona;3;1;Camp Nou
Barcelona;3;2;Camp Nou
Barcelona;3;3;Camp Nou
Barcelona;3;4;Camp Nou
Barcelona;4;0;Camp Nou
Barcelona;4;1;Camp Nou
Barcelona;4;2;Camp Nou
Barcelona;4;3;Camp Nou
Barcelona;4;4;Camp Nou
Barcelona;5;0;Camp Nou
Barcelona;5;1;Camp Nou
Barcelona;5;2;Camp Nou
Barcelona;5;3;Camp Nou
Barcelona;6;0;Camp Nou
Barcelona;6;1;Camp Nou
Barcelona;6;2;Camp Nou
Barcelona;7;0;Camp Nou
Barcelona;7;1;Camp Nou
Barcelona;7;2;Camp Nou
Barcelona;8;0;Camp Nou
Barcelona;8;1;Camp Nou
Barcelona;9;0;Camp Nou
Betis;0;0;Benito Villamarín
Betis;0;1;Benito Villamarín
Betis;0;2;Benito Villamarín
Betis;0;3;Benito Villamarín
Betis;0;4;Benito Villamarín
Betis;0;5;Benito Villamarín
Betis;1;0;Benito Villamarín
Betis;1;1;Benito Villamarín
Betis;1;2;Benito Villamarín
Betis;1;3;Benito Villamarín
Betis;1;4;Benito Villamarín
Betis;1;5;Benito Villamarín
Betis;2;0;Benito Villamarín
Betis;2;1;Benito Villamarín
Betis;2;2;Benito Villamarín
Betis;2;3;Benito Villamarín
Betis;2;4;Benito Villamarín
Betis;2;5;Benito Villamarín
Betis;2;6;Benito Villamarín
Betis;3;0;Benito Villamarín
Betis;3;1;Benito Villamarín
Betis;3;2;Benito Villamarín
Betis;3;3;Benito Villamarín
Betis;4;0;Benito Villamarín
Betis;4;1;Benito Villamarín
Betis;4;2;Benito Villamarín
Betis;4;3;Benito Villamarín
Betis;5;0;Benito Villamarín
Betis;5;1;Benito Villamarín
Betis;5;2;Benito Villamarín
Betis;6;0;Benito Villamarín
Burgos (Real);0;0;Pallafría
Burgos (Real);0;1;Pallafría
Burgos (Real);0;2;Pallafría
Burgos (Real);0;3;Pallafría
Burgos (Real);1;0;Pallafría
Burgos (Real);1;1;Pallafría
Burgos (Real);1;2;Pallafría
Burgos (Real);1;3;Pallafría
Burgos (Real);1;4;Pallafría
Burgos (Real);2;0;Pallafría
Burgos (Real);2;1;Pallafría
Burgos (Real);2;2;Pallafría
Burgos (Real);2;5;Pallafría
Burgos (Real);3;0;Pallafría
Burgos (Real);3;1;Pallafría
Burgos (Real);3;2;Pallafría
Burgos (Real);4;0;Pallafría
Burgos (Real);4;1;Pallafría
Burgos (Real);5;0;Pallafría
Burgos (Real);6;0;Pallafría
Burgos;0;0;Municipal de El Plantío
Burgos;0;1;Municipal de El Plantío
Burgos;0;2;Municipal de El Plantío
Burgos;0;3;Municipal de El Plantío
Burgos;0;4;Municipal de El Plantío
Burgos;1;0;Municipal de El Plantío
Burgos;1;1;Municipal de El Plantío
Burgos;1;2;Municipal de El Plantío
Burgos;1;3;Municipal de El Plantío
Burgos;2;0;Municipal de El Plantío
Burgos;2;1;Municipal de El Plantío
Burgos;2;2;Municipal de El Plantío
Burgos;2;3;Municipal de El Plantío
Burgos;2;4;Municipal de El Plantío
Burgos;3;0;Municipal de El Plantío
Burgos;3;1;Municipal de El Plantío
Burgos;3;2;Municipal de El Plantío
Burgos;3;3;Municipal de El Plantío
Burgos;4;0;Municipal de El Plantío
Burgos;4;1;Municipal de El Plantío
Burgos;5;0;Municipal de El Plantío
Burgos;5;1;Municipal de El Plantío
Burgos;6;0;Municipal de El Plantío
Cádiz;0;0;Ramón de Carranza
Cádiz;0;1;Ramón de Carranza
Cádiz;0;2;Ramón de Carranza
Cádiz;0;3;Ramón de Carranza
Cádiz;0;4;Ramón de Carranza
Cádiz;0;5;Ramón de Carranza
Cádiz;1;0;Ramón de Carranza
Cádiz;1;1;Ramón de Carranza
Cádiz;1;2;Ramón de Carranza
Cádiz;1;3;Ramón de Carranza
Cádiz;1;5;Ramón de Carranza
Cádiz;2;0;Ramón de Carranza
Cádiz;2;1;Ramón de Carranza
Cádiz;2;2;Ramón de Carranza
Cádiz;2;3;Ramón de Carranza
Cádiz;2;4;Ramón de Carranza
Cádiz;3;0;Ramón de Carranza
Cádiz;3;1;Ramón de Carranza
Cádiz;3;2;Ramón de Carranza
Cádiz;3;3;Ramón de Carranza
Cádiz;4;0;Ramón de Carranza
Cádiz;4;1;Ramón de Carranza
Cádiz;4;2;Ramón de Carranza
Cádiz;4;3;Ramón de Carranza
Cádiz;5;0;Ramón de Carranza
Cádiz;5;1;Ramón de Carranza
Cádiz;5;2;Ramón de Carranza
Cádiz;5;4;Ramón de Carranza
Cádiz;6;0;Ramón de Carranza
Cádiz;6;1;Ramón de Carranza
Cádiz;7;2;Ramón de Carranza
Calvo Sotelo;0;0;Ciudad de Puertollano
Calvo Sotelo;0;1;Ciudad de Puertollano
Calvo Sotelo;0;2;Ciudad de Puertollano
Calvo Sotelo;0;3;Ciudad de Puertollano
Calvo Sotelo;1;0;Ciudad de Puertollano
Calvo Sotelo;1;1;Ciudad de Puertollano
Calvo Sotelo;1;2;Ciudad de Puertollano
Calvo Sotelo;2;0;Ciudad de Puertollano
Calvo Sotelo;2;1;Ciudad de Puertollano
Calvo Sotelo;2;2;Ciudad de Puertollano
Calvo Sotelo;2;3;Ciudad de Puertollano
Calvo Sotelo;2;4;Ciudad de Puertollano
Calvo Sotelo;3;0;Ciudad de Puertollano
Calvo Sotelo;3;1;Ciudad de Puertollano
Calvo Sotelo;3;2;Ciudad de Puertollano
Calvo Sotelo;3;3;Ciudad de Puertollano
Calvo Sotelo;4;2;Ciudad de Puertollano
Cartagena F.C.;0;0;Cartagonova
Cartagena F.C.;0;1;Cartagonova
Cartagena F.C.;0;2;Cartagonova
Cartagena F.C.;0;3;Cartagonova
Cartagena F.C.;1;0;Cartagonova
Cartagena F.C.;1;1;Cartagonova
Cartagena F.C.;1;2;Cartagonova
Cartagena F.C.;1;3;Cartagonova
Cartagena F.C.;2;0;Cartagonova
Cartagena F.C.;2;1;Cartagonova
Cartagena F.C.;2;2;Cartagonova
Cartagena F.C.;2;3;Cartagonova
Cartagena F.C.;2;4;Cartagonova
Cartagena F.C.;3;0;Cartagonova
Cartagena F.C.;3;1;Cartagonova
Cartagena F.C.;3;2;Cartagonova
Cartagena F.C.;3;3;Cartagonova
Cartagena F.C.;4;0;Cartagonova
Cartagena F.C.;4;1;Cartagonova
Cartagena F.C.;4;2;Cartagonova
Cartagena F.C.;4;3;Cartagonova
Cartagena F.C.;5;3;Cartagonova
Cartagena;0;0;Cartagonova
Cartagena;0;1;Cartagonova
Cartagena;0;2;Cartagonova
Cartagena;0;3;Cartagonova
Cartagena;0;4;Cartagonova
Cartagena;1;0;Cartagonova
Cartagena;1;1;Cartagonova
Cartagena;1;2;Cartagonova
Cartagena;1;3;Cartagonova
Cartagena;2;0;Cartagonova
Cartagena;2;1;Cartagonova
Cartagena;2;2;Cartagonova
Cartagena;2;4;Cartagonova
Cartagena;3;1;Cartagonova
Cartagena;3;2;Cartagonova
Cartagena;3;4;Cartagonova
Cartagena;3;5;Cartagonova
Cartagena;4;1;Cartagonova
Cartagena;5;1;Cartagonova
Cartagena;5;2;Cartagonova
Cartagena;6;2;Cartagonova
Castellón;0;0;Nuevo Castalia
Castellón;0;1;Nuevo Castalia
Castellón;0;2;Nuevo Castalia
Castellón;0;3;Nuevo Castalia
Castellón;0;5;Nuevo Castalia
Castellón;1;0;Nuevo Castalia
Castellón;1;1;Nuevo Castalia
Castellón;1;2;Nuevo Castalia
Castellón;1;3;Nuevo Castalia
Castellón;1;4;Nuevo Castalia
Castellón;1;5;Nuevo Castalia
Castellón;1;6;Nuevo Castalia
Castellón;2;0;Nuevo Castalia
Castellón;2;1;Nuevo Castalia
Castellón;2;2;Nuevo Castalia
Castellón;2;3;Nuevo Castalia
Castellón;3;0;Nuevo Castalia
Castellón;3;1;Nuevo Castalia
Castellón;3;2;Nuevo Castalia
Castellón;3;3;Nuevo Castalia
Castellón;3;5;Nuevo Castalia
Castellón;4;0;Nuevo Castalia
Castellón;4;1;Nuevo Castalia
Castellón;4;2;Nuevo Castalia
Castellón;5;0;Nuevo Castalia
Castellón;5;1;Nuevo Castalia
Castellón;5;2;Nuevo Castalia
Castellón;6;0;Nuevo Castalia
Celta;0;0;Balaídos
Celta;0;1;Balaídos
Celta;0;2;Balaídos
Celta;0;3;Balaídos
Celta;0;4;Balaídos
Celta;0;5;Balaídos
Celta;1;0;Balaídos
Celta;1;1;Balaídos
Celta;1;2;Balaídos
Celta;1;3;Balaídos
Celta;1;4;Balaídos
Celta;1;5;Balaídos
Celta;2;0;Balaídos
Celta;2;1;Balaídos
Celta;2;2;Balaídos
Celta;2;3;Balaídos
Celta;2;4;Balaídos
Celta;2;5;Balaídos
Celta;3;0;Balaídos
Celta;3;1;Balaídos
Celta;3;2;Balaídos
Celta;3;3;Balaídos
Celta;4;0;Balaídos
Celta;4;1;Balaídos
Celta;4;2;Balaídos
Celta;4;3;Balaídos
Celta;5;0;Balaídos
Celta;5;1;Balaídos
Celta;5;2;Balaídos
Celta;5;3;Balaídos
Celta;6;0;Balaídos
Celta;6;1;Balaídos
Celta;6;2;Balaídos
Ceuta;0;0;Municipal Alfonso Murube
Ceuta;0;1;Municipal Alfonso Murube
Ceuta;0;3;Municipal Alfonso Murube
Ceuta;1;0;Municipal Alfonso Murube
Ceuta;1;1;Municipal Alfonso Murube
Ceuta;1;2;Municipal Alfonso Murube
Ceuta;2;0;Municipal Alfonso Murube
Ceuta;2;1;Municipal Alfonso Murube
Ceuta;3;0;Municipal Alfonso Murube
Ceuta;3;1;Municipal Alfonso Murube
Ceuta;3;2;Municipal Alfonso Murube
Ceuta;3;3;Municipal Alfonso Murube
Compostela;0;0;Multiusos de San Lázaro
Compostela;0;1;Multiusos de San Lázaro
Compostela;0;2;Multiusos de San Lázaro
Compostela;0;3;Multiusos de San Lázaro
Compostela;0;4;Multiusos de San Lázaro
Compostela;0;5;Multiusos de San Lázaro
Compostela;1;0;Multiusos de San Lázaro
Compostela;1;1;Multiusos de San Lázaro
Compostela;1;2;Multiusos de San Lázaro
Compostela;1;3;Multiusos de San Lázaro
Compostela;1;4;Multiusos de San Lázaro
Compostela;1;5;Multiusos de San Lázaro
Compostela;2;0;Multiusos de San Lázaro
Compostela;2;1;Multiusos de San Lázaro
Compostela;2;2;Multiusos de San Lázaro
Compostela;2;3;Multiusos de San Lázaro
Compostela;3;0;Multiusos de San Lázaro
Compostela;3;1;Multiusos de San Lázaro
Compostela;3;2;Multiusos de San Lázaro
Compostela;3;3;Multiusos de San Lázaro
Compostela;4;0;Multiusos de San Lázaro
Compostela;4;1;Multiusos de San Lázaro
Compostela;5;1;Multiusos de San Lázaro
Córdoba;0;0;Nuevo Arcángel
Córdoba;0;1;Nuevo Arcángel
Córdoba;0;2;Nuevo Arcángel
Córdoba;0;3;Nuevo Arcángel
Córdoba;0;4;Nuevo Arcángel
Córdoba;0;8;Nuevo Arcángel
Córdoba;1;0;Nuevo Arcángel
Córdoba;1;1;Nuevo Arcángel
Córdoba;1;2;Nuevo Arcángel
Córdoba;1;3;Nuevo Arcángel
Córdoba;1;4;Nuevo Arcángel
Córdoba;2;0;Nuevo Arcángel
Córdoba;2;1;Nuevo Arcángel
Córdoba;2;2;Nuevo Arcángel
Córdoba;2;3;Nuevo Arcángel
Córdoba;2;4;Nuevo Arcángel
Córdoba;3;0;Nuevo Arcángel
Córdoba;3;1;Nuevo Arcángel
Córdoba;3;2;Nuevo Arcángel
Córdoba;3;3;Nuevo Arcángel
Córdoba;3;4;Nuevo Arcángel
Córdoba;4;0;Nuevo Arcángel
Córdoba;4;1;Nuevo Arcángel
Córdoba;4;2;Nuevo Arcángel
Córdoba;5;0;Nuevo Arcángel
Córdoba;5;1;Nuevo Arcángel
Córdoba;5;2;Nuevo Arcángel
Córdoba;6;1;Nuevo Arcángel
Cult. Leonesa;0;0;Municipal Reino de León
Cult. Leonesa;0;1;Municipal Reino de León
Cult. Leonesa;1;0;Municipal Reino de León
Cult. Leonesa;1;1;Municipal Reino de León
Cult. Leonesa;1;2;Municipal Reino de León
Cult. Leonesa;1;3;Municipal Reino de León
Cult. Leonesa;1;4;Municipal Reino de León
Cult. Leonesa;2;0;Municipal Reino de León
Cult. Leonesa;2;1;Municipal Reino de León
Cult. Leonesa;2;2;Municipal Reino de León
Cult. Leonesa;2;3;Municipal Reino de León
Cult. Leonesa;3;0;Municipal Reino de León
Cult. Leonesa;3;1;Municipal Reino de León
Cult. Leonesa;3;2;Municipal Reino de León
Dptivo. Coruña;0;0;Abanca-Riazor
Dptivo. Coruña;0;1;Abanca-Riazor
Dptivo. Coruña;0;2;Abanca-Riazor
Dptivo. Coruña;0;3;Abanca-Riazor
Dptivo. Coruña;0;4;Abanca-Riazor
Dptivo. Coruña;1;0;Abanca-Riazor
Dptivo. Coruña;1;1;Abanca-Riazor
Dptivo. Coruña;1;2;Abanca-Riazor
Dptivo. Coruña;1;3;Abanca-Riazor
Dptivo. Coruña;1;4;Abanca-Riazor
Dptivo. Coruña;1;5;Abanca-Riazor
Dptivo. Coruña;2;0;Abanca-Riazor
Dptivo. Coruña;2;1;Abanca-Riazor
Dptivo. Coruña;2;2;Abanca-Riazor
Dptivo. Coruña;2;3;Abanca-Riazor
Dptivo. Coruña;2;4;Abanca-Riazor
Dptivo. Coruña;2;5;Abanca-Riazor
Dptivo. Coruña;2;6;Abanca-Riazor
Dptivo. Coruña;2;8;Abanca-Riazor
Dptivo. Coruña;3;0;Abanca-Riazor
Dptivo. Coruña;3;1;Abanca-Riazor
Dptivo. Coruña;3;2;Abanca-Riazor
Dptivo. Coruña;3;3;Abanca-Riazor
Dptivo. Coruña;3;4;Abanca-Riazor
Dptivo. Coruña;3;5;Abanca-Riazor
Dptivo. Coruña;4;0;Abanca-Riazor
Dptivo. Coruña;4;1;Abanca-Riazor
Dptivo. Coruña;4;2;Abanca-Riazor
Dptivo. Coruña;4;3;Abanca-Riazor
Dptivo. Coruña;4;5;Abanca-Riazor
Dptivo. Coruña;5;0;Abanca-Riazor
Dptivo. Coruña;5;1;Abanca-Riazor
Dptivo. Coruña;5;2;Abanca-Riazor
Dptivo. Coruña;5;3;Abanca-Riazor
Dptivo. Coruña;6;0;Abanca-Riazor
Dptivo. Coruña;6;1;Abanca-Riazor
Écija;0;0;
Écija;0;1;
Écija;0;2;
Écija;0;4;
Écija;1;0;
Écija;1;1;
Écija;1;2;
Écija;1;3;
Écija;2;0;
Écija;2;1;
Écija;2;2;
Écija;3;0;
Écija;3;1;
Écija;3;2;
Éibar;0;0;Municipal de Ipurúa
Éibar;0;1;Municipal de Ipurúa
Éibar;0;2;Municipal de Ipurúa
Éibar;0;3;Municipal de Ipurúa
Éibar;0;4;Municipal de Ipurúa
Éibar;1;0;Municipal de Ipurúa
Éibar;1;1;Municipal de Ipurúa
Éibar;1;2;Municipal de Ipurúa
Éibar;1;3;Municipal de Ipurúa
Éibar;2;0;Municipal de Ipurúa
Éibar;2;1;Municipal de Ipurúa
Éibar;2;2;Municipal de Ipurúa
Éibar;2;3;Municipal de Ipurúa
Éibar;2;5;Municipal de Ipurúa
Éibar;3;0;Municipal de Ipurúa
Éibar;3;1;Municipal de Ipurúa
Éibar;3;2;Municipal de Ipurúa
Éibar;3;3;Municipal de Ipurúa
Éibar;4;0;Municipal de Ipurúa
Éibar;4;1;Municipal de Ipurúa
Éibar;4;2;Municipal de Ipurúa
Éibar;5;0;Municipal de Ipurúa
Éibar;5;1;Municipal de Ipurúa
Éibar;5;2;Municipal de Ipurúa
Éibar;6;0;Municipal de Ipurúa
Éibar;7;0;Municipal de Ipurúa
Ejido;0;0;
Ejido;0;1;
Ejido;0;2;
Ejido;0;3;
Ejido;1;0;
Ejido;1;1;
Ejido;1;2;
Ejido;1;3;
Ejido;2;0;
Ejido;2;1;
Ejido;2;2;
Ejido;2;3;
Ejido;2;5;
Ejido;3;0;
Ejido;3;1;
Ejido;3;2;
Ejido;3;4;
Ejido;4;1;
Ejido;4;2;
Ejido;5;2;
Elche;0;0;Martínez Valero
Elche;0;1;Martínez Valero
Elche;0;2;Martínez Valero
Elche;0;3;Martínez Valero
Elche;0;4;Martínez Valero
Elche;0;6;Martínez Valero
Elche;1;0;Martínez Valero
Elche;1;1;Martínez Valero
Elche;1;2;Martínez Valero
Elche;1;3;Martínez Valero
Elche;1;4;Martínez Valero
Elche;2;0;Martínez Valero
Elche;2;1;Martínez Valero
Elche;2;2;Martínez Valero
Elche;2;3;Martínez Valero
Elche;2;4;Martínez Valero
Elche;2;5;Martínez Valero
Elche;3;0;Martínez Valero
Elche;3;1;Martínez Valero
Elche;3;2;Martínez Valero
Elche;3;3;Martínez Valero
Elche;4;0;Martínez Valero
Elche;4;1;Martínez Valero
Elche;4;2;Martínez Valero
Elche;4;3;Martínez Valero
Elche;4;4;Martínez Valero
Elche;5;0;Martínez Valero
Elche;5;1;Martínez Valero
Elche;5;2;Martínez Valero
Elche;6;0;Martínez Valero
Elche;7;0;Martínez Valero
Ensidesa;0;0;
Ensidesa;0;1;
Ensidesa;1;0;
Ensidesa;1;1;
Ensidesa;2;1;
Ensidesa;2;2;
Ensidesa;3;2;
Ensidesa;4;0;
Espanyol;0;0;RCDE Stadium
Espanyol;0;1;RCDE Stadium
Espanyol;0;2;RCDE Stadium
Espanyol;0;3;RCDE Stadium
Espanyol;0;4;RCDE Stadium
Espanyol;0;6;RCDE Stadium
Espanyol;1;0;RCDE Stadium
Espanyol;1;1;RCDE Stadium
Espanyol;1;2;RCDE Stadium
Espanyol;1;3;RCDE Stadium
Espanyol;1;4;RCDE Stadium
Espanyol;1;5;RCDE Stadium
Espanyol;2;0;RCDE Stadium
Espanyol;2;1;RCDE Stadium
Espanyol;2;2;RCDE Stadium
Espanyol;2;3;RCDE Stadium
Espanyol;2;4;RCDE Stadium
Espanyol;3;0;RCDE Stadium
Espanyol;3;1;RCDE Stadium
Espanyol;3;2;RCDE Stadium
Espanyol;3;3;RCDE Stadium
Espanyol;3;4;RCDE Stadium
Espanyol;4;0;RCDE Stadium
Espanyol;4;1;RCDE Stadium
Espanyol;4;2;RCDE Stadium
Espanyol;4;3;RCDE Stadium
Espanyol;5;0;RCDE Stadium
Espanyol;5;1;RCDE Stadium
Espanyol;5;2;RCDE Stadium
Espanyol;5;3;RCDE Stadium
Espanyol;6;0;RCDE Stadium
Extremadura;0;0;Francisco de la Hera
Extremadura;0;1;Francisco de la Hera
Extremadura;0;2;Francisco de la Hera
Extremadura;0;3;Francisco de la Hera
Extremadura;0;4;Francisco de la Hera
Extremadura;1;0;Francisco de la Hera
Extremadura;1;1;Francisco de la Hera
Extremadura;1;2;Francisco de la Hera
Extremadura;1;3;Francisco de la Hera
Extremadura;1;4;Francisco de la Hera
Extremadura;1;5;Francisco de la Hera
Extremadura;2;0;Francisco de la Hera
Extremadura;2;1;Francisco de la Hera
Extremadura;2;2;Francisco de la Hera
Extremadura;2;3;Francisco de la Hera
Extremadura;2;4;Francisco de la Hera
Extremadura;3;0;Francisco de la Hera
Extremadura;3;1;Francisco de la Hera
Extremadura;3;2;Francisco de la Hera
Extremadura;4;0;Francisco de la Hera
Extremadura;4;1;Francisco de la Hera
Extremadura;4;2;Francisco de la Hera
Extremadura;5;0;Francisco de la Hera
Ferrol;0;0;A Malata
Ferrol;0;1;A Malata
Ferrol;0;2;A Malata
Ferrol;0;3;A Malata
Ferrol;0;4;A Malata
Ferrol;1;0;A Malata
Ferrol;1;1;A Malata
Ferrol;1;2;A Malata
Ferrol;1;3;A Malata
Ferrol;1;4;A Malata
Ferrol;2;0;A Malata
Ferrol;2;1;A Malata
Ferrol;2;2;A Malata
Ferrol;2;3;A Malata
Ferrol;3;0;A Malata
Ferrol;3;1;A Malata
Ferrol;3;2;A Malata
Ferrol;4;0;A Malata
Figueres;0;0;Municipal de Vilatenim
Figueres;0;1;Municipal de Vilatenim
Figueres;0;2;Municipal de Vilatenim
Figueres;0;3;Municipal de Vilatenim
Figueres;1;0;Municipal de Vilatenim
Figueres;1;1;Municipal de Vilatenim
Figueres;1;2;Municipal de Vilatenim
Figueres;1;3;Municipal de Vilatenim
Figueres;2;0;Municipal de Vilatenim
Figueres;2;1;Municipal de Vilatenim
Figueres;2;2;Municipal de Vilatenim
Figueres;2;4;Municipal de Vilatenim
Figueres;3;0;Municipal de Vilatenim
Figueres;3;1;Municipal de Vilatenim
Figueres;3;2;Municipal de Vilatenim
Figueres;4;1;Municipal de Vilatenim
Figueres;4;2;Municipal de Vilatenim
Figueres;5;1;Municipal de Vilatenim
Figueres;5;3;Municipal de Vilatenim
Figueres;6;1;Municipal de Vilatenim
Figueres;6;2;Municipal de Vilatenim
Getafe;0;0;Coliseum Alfonso Pérez
Getafe;0;1;Coliseum Alfonso Pérez
Getafe;0;2;Coliseum Alfonso Pérez
Getafe;0;3;Coliseum Alfonso Pérez
Getafe;0;4;Coliseum Alfonso Pérez
Getafe;0;5;Coliseum Alfonso Pérez
Getafe;1;0;Coliseum Alfonso Pérez
Getafe;1;1;Coliseum Alfonso Pérez
Getafe;1;2;Coliseum Alfonso Pérez
Getafe;1;3;Coliseum Alfonso Pérez
Getafe;1;4;Coliseum Alfonso Pérez
Getafe;2;0;Coliseum Alfonso Pérez
Getafe;2;1;Coliseum Alfonso Pérez
Getafe;2;2;Coliseum Alfonso Pérez
Getafe;2;3;Coliseum Alfonso Pérez
Getafe;2;4;Coliseum Alfonso Pérez
Getafe;2;5;Coliseum Alfonso Pérez
Getafe;2;6;Coliseum Alfonso Pérez
Getafe;3;0;Coliseum Alfonso Pérez
Getafe;3;1;Coliseum Alfonso Pérez
Getafe;3;2;Coliseum Alfonso Pérez
Getafe;3;3;Coliseum Alfonso Pérez
Getafe;3;4;Coliseum Alfonso Pérez
Getafe;4;0;Coliseum Alfonso Pérez
Getafe;4;1;Coliseum Alfonso Pérez
Getafe;4;2;Coliseum Alfonso Pérez
Getafe;4;3;Coliseum Alfonso Pérez
Getafe;5;0;Coliseum Alfonso Pérez
Getafe;5;1;Coliseum Alfonso Pérez
Getafe;5;2;Coliseum Alfonso Pérez
Gimn. Tarragon;0;0;Nou Estadi
Gimn. Tarragon;0;1;Nou Estadi
Gimn. Tarragon;0;2;Nou Estadi
Gimn. Tarragon;0;3;Nou Estadi
Gimn. Tarragon;0;4;Nou Estadi
Gimn. Tarragon;1;0;Nou Estadi
Gimn. Tarragon;1;1;Nou Estadi
Gimn. Tarragon;1;2;Nou Estadi
Gimn. Tarragon;1;3;Nou Estadi
Gimn. Tarragon;1;4;Nou Estadi
Gimn. Tarragon;1;5;Nou Estadi
Gimn. Tarragon;2;0;Nou Estadi
Gimn. Tarragon;2;1;Nou Estadi
Gimn. Tarragon;2;2;Nou Estadi
Gimn. Tarragon;2;3;Nou Estadi
Gimn. Tarragon;3;0;Nou Estadi
Gimn. Tarragon;3;1;Nou Estadi
Gimn. Tarragon;3;2;Nou Estadi
Gimn. Tarragon;4;0;Nou Estadi
Gimn. Tarragon;4;1;Nou Estadi
Gimn. Tarragon;4;3;Nou Estadi
Gimn. Tarragon;4;4;Nou Estadi
Gimn. Tarragon;5;0;Nou Estadi
Girona;0;0;Municipal de Montilivi
Girona;0;1;Municipal de Montilivi
Girona;0;2;Municipal de Montilivi
Girona;0;4;Municipal de Montilivi
Girona;1;0;Municipal de Montilivi
Girona;1;1;Municipal de Montilivi
Girona;1;2;Municipal de Montilivi
Girona;1;3;Municipal de Montilivi
Girona;1;4;Municipal de Montilivi
Girona;2;0;Municipal de Montilivi
Girona;2;1;Municipal de Montilivi
Girona;2;2;Municipal de Montilivi
Girona;2;3;Municipal de Montilivi
Girona;2;4;Municipal de Montilivi
Girona;3;0;Municipal de Montilivi
Girona;3;1;Municipal de Montilivi
Girona;3;2;Municipal de Montilivi
Girona;3;3;Municipal de Montilivi
Girona;4;0;Municipal de Montilivi
Girona;4;2;Municipal de Montilivi
Girona;5;0;Municipal de Montilivi
Girona;5;1;Municipal de Montilivi
Girona;5;2;Municipal de Montilivi
Girona;5;3;Municipal de Montilivi
Girona;6;0;Municipal de Montilivi
Granada 74;0;0;Nuevo Los Cármenes
Granada 74;0;1;Nuevo Los Cármenes
Granada 74;0;2;Nuevo Los Cármenes
Granada 74;0;3;Nuevo Los Cármenes
Granada 74;1;0;Nuevo Los Cármenes
Granada 74;1;1;Nuevo Los Cármenes
Granada 74;1;2;Nuevo Los Cármenes
Granada 74;1;3;Nuevo Los Cármenes
Granada 74;2;0;Nuevo Los Cármenes
Granada 74;2;1;Nuevo Los Cármenes
Granada 74;2;2;Nuevo Los Cármenes
Granada 74;2;3;Nuevo Los Cármenes
Granada 74;2;6;Nuevo Los Cármenes
Granada 74;3;0;Nuevo Los Cármenes
Granada 74;3;1;Nuevo Los Cármenes
Granada 74;3;2;Nuevo Los Cármenes
Granada 74;3;3;Nuevo Los Cármenes
Granada 74;4;1;Nuevo Los Cármenes
Granada 74;4;2;Nuevo Los Cármenes
Granada 74;5;0;Nuevo Los Cármenes
Granada 74;5;1;Nuevo Los Cármenes
Granada;0;0;Miguel Prieto
Granada;0;1;Miguel Prieto
Granada;0;2;Miguel Prieto
Granada;0;3;Miguel Prieto
Granada;0;4;Miguel Prieto
Granada;1;0;Miguel Prieto
Granada;1;1;Miguel Prieto
Granada;1;2;Miguel Prieto
Granada;1;3;Miguel Prieto
Granada;1;4;Miguel Prieto
Granada;1;5;Miguel Prieto
Granada;2;0;Miguel Prieto
Granada;2;1;Miguel Prieto
Granada;2;2;Miguel Prieto
Granada;2;3;Miguel Prieto
Granada;2;4;Miguel Prieto
Granada;3;0;Miguel Prieto
Granada;3;1;Miguel Prieto
Granada;3;2;Miguel Prieto
Granada;3;3;Miguel Prieto
Granada;3;4;Miguel Prieto
Granada;4;0;Miguel Prieto
Granada;4;1;Miguel Prieto
Granada;4;2;Miguel Prieto
Granada;5;0;Miguel Prieto
Granada;5;1;Miguel Prieto
Granada;5;2;Miguel Prieto
Granada;6;1;Miguel Prieto
Guadalajara;0;0;Pedro Escartín
Guadalajara;0;1;Pedro Escartín
Guadalajara;0;2;Pedro Escartín
Guadalajara;0;3;Pedro Escartín
Guadalajara;1;0;Pedro Escartín
Guadalajara;1;1;Pedro Escartín
Guadalajara;1;2;Pedro Escartín
Guadalajara;1;4;Pedro Escartín
Guadalajara;1;5;Pedro Escartín
Guadalajara;2;0;Pedro Escartín
Guadalajara;2;1;Pedro Escartín
Guadalajara;2;2;Pedro Escartín
Guadalajara;2;3;Pedro Escartín
Guadalajara;2;4;Pedro Escartín
Guadalajara;3;0;Pedro Escartín
Guadalajara;3;1;Pedro Escartín
Guadalajara;3;4;Pedro Escartín
Guadalajara;5;1;Pedro Escartín
Hércules;0;0;José Rico Pérez
Hércules;0;1;José Rico Pérez
Hércules;0;2;José Rico Pérez
Hércules;0;3;José Rico Pérez
Hércules;0;4;José Rico Pérez
Hércules;1;0;José Rico Pérez
Hércules;1;1;José Rico Pérez
Hércules;1;2;José Rico Pérez
Hércules;1;3;José Rico Pérez
Hércules;1;4;José Rico Pérez
Hércules;1;5;José Rico Pérez
Hércules;2;0;José Rico Pérez
Hércules;2;1;José Rico Pérez
Hércules;2;2;José Rico Pérez
Hércules;2;3;José Rico Pérez
Hércules;2;4;José Rico Pérez
Hércules;3;0;José Rico Pérez
Hércules;3;1;José Rico Pérez
Hércules;3;2;José Rico Pérez
Hércules;3;3;José Rico Pérez
Hércules;3;4;José Rico Pérez
Hércules;4;0;José Rico Pérez
Hércules;4;1;José Rico Pérez
Hércules;4;2;José Rico Pérez
Hércules;4;3;José Rico Pérez
Hércules;5;0;José Rico Pérez
Hércules;5;1;José Rico Pérez
Hércules;5;2;José Rico Pérez
Hércules;6;2;José Rico Pérez
Hércules;8;0;José Rico Pérez
Huesca;0;0;El Alcoraz
Huesca;0;1;El Alcoraz
Huesca;0;2;El Alcoraz
Huesca;0;3;El Alcoraz
Huesca;1;0;El Alcoraz
Huesca;1;1;El Alcoraz
Huesca;1;2;El Alcoraz
Huesca;1;3;El Alcoraz
Huesca;1;4;El Alcoraz
Huesca;2;0;El Alcoraz
Huesca;2;1;El Alcoraz
Huesca;2;2;El Alcoraz
Huesca;2;3;El Alcoraz
Huesca;3;0;El Alcoraz
Huesca;3;1;El Alcoraz
Huesca;3;2;El Alcoraz
Huesca;3;3;El Alcoraz
Huesca;4;1;El Alcoraz
Huesca;4;3;El Alcoraz
Jaén;0;0;La Victoria
Jaén;0;1;La Victoria
Jaén;0;2;La Victoria
Jaén;0;3;La Victoria
Jaén;1;0;La Victoria
Jaén;1;1;La Victoria
Jaén;1;2;La Victoria
Jaén;1;3;La Victoria
Jaén;1;4;La Victoria
Jaén;2;0;La Victoria
Jaén;2;1;La Victoria
Jaén;2;2;La Victoria
Jaén;2;3;La Victoria
Jaén;2;4;La Victoria
Jaén;3;0;La Victoria
Jaén;3;1;La Victoria
Jaén;3;2;La Victoria
Jaén;3;3;La Victoria
Jaén;4;0;La Victoria
Jaén;4;1;La Victoria
Jaén;4;2;La Victoria
Las Palmas;0;0;Gran Canaria
Las Palmas;0;1;Gran Canaria
Las Palmas;0;2;Gran Canaria
Las Palmas;0;3;Gran Canaria
Las Palmas;0;4;Gran Canaria
Las Palmas;0;6;Gran Canaria
Las Palmas;1;0;Gran Canaria
Las Palmas;1;1;Gran Canaria
Las Palmas;1;2;Gran Canaria
Las Palmas;1;3;Gran Canaria
Las Palmas;1;4;Gran Canaria
Las Palmas;1;5;Gran Canaria
Las Palmas;2;0;Gran Canaria
Las Palmas;2;1;Gran Canaria
Las Palmas;2;2;Gran Canaria
Las Palmas;2;3;Gran Canaria
Las Palmas;2;4;Gran Canaria
Las Palmas;2;5;Gran Canaria
Las Palmas;3;0;Gran Canaria
Las Palmas;3;1;Gran Canaria
Las Palmas;3;2;Gran Canaria
Las Palmas;3;3;Gran Canaria
Las Palmas;3;4;Gran Canaria
Las Palmas;4;0;Gran Canaria
Las Palmas;4;1;Gran Canaria
Las Palmas;4;2;Gran Canaria
Las Palmas;4;3;Gran Canaria
Las Palmas;5;0;Gran Canaria
Las Palmas;5;1;Gran Canaria
Las Palmas;5;2;Gran Canaria
Las Palmas;5;3;Gran Canaria
Las Palmas;6;0;Gran Canaria
Las Palmas;6;1;Gran Canaria
Las Palmas;7;1;Gran Canaria
Leganés;0;0;Municipal de Butarque
Leganés;0;1;Municipal de Butarque
Leganés;0;2;Municipal de Butarque
Leganés;0;3;Municipal de Butarque
Leganés;0;4;Municipal de Butarque
Leganés;0;5;Municipal de Butarque
Leganés;1;0;Municipal de Butarque
Leganés;1;1;Municipal de Butarque
Leganés;1;2;Municipal de Butarque
Leganés;1;3;Municipal de Butarque
Leganés;1;4;Municipal de Butarque
Leganés;2;0;Municipal de Butarque
Leganés;2;1;Municipal de Butarque
Leganés;2;2;Municipal de Butarque
Leganés;2;3;Municipal de Butarque
Leganés;2;6;Municipal de Butarque
Leganés;3;0;Municipal de Butarque
Leganés;3;1;Municipal de Butarque
Leganés;3;2;Municipal de Butarque
Leganés;3;3;Municipal de Butarque
Leganés;4;0;Municipal de Butarque
Leganés;4;1;Municipal de Butarque
Leganés;4;2;Municipal de Butarque
Leganés;4;4;Municipal de Butarque
Leganés;5;0;Municipal de Butarque
Leganés;5;2;Municipal de Butarque
Levante;0;0;Ciudad de Valencia
Levante;0;1;Ciudad de Valencia
Levante;0;2;Ciudad de Valencia
Levante;0;3;Ciudad de Valencia
Levante;0;4;Ciudad de Valencia
Levante;0;5;Ciudad de Valencia
Levante;1;0;Ciudad de Valencia
Levante;1;1;Ciudad de Valencia
Levante;1;2;Ciudad de Valencia
Levante;1;3;Ciudad de Valencia
Levante;1;4;Ciudad de Valencia
Levante;1;5;Ciudad de Valencia
Levante;1;6;Ciudad de Valencia
Levante;2;0;Ciudad de Valencia
Levante;2;1;Ciudad de Valencia
Levante;2;2;Ciudad de Valencia
Levante;2;3;Ciudad de Valencia
Levante;2;4;Ciudad de Valencia
Levante;3;0;Ciudad de Valencia
Levante;3;1;Ciudad de Valencia
Levante;3;2;Ciudad de Valencia
Levante;3;3;Ciudad de Valencia
Levante;3;4;Ciudad de Valencia
Levante;3;5;Ciudad de Valencia
Levante;4;0;Ciudad de Valencia
Levante;4;1;Ciudad de Valencia
Levante;4;2;Ciudad de Valencia
Levante;4;3;Ciudad de Valencia
Levante;5;1;Ciudad de Valencia
Levante;5;2;Ciudad de Valencia
Levante;6;0;Ciudad de Valencia
Levante;6;1;Ciudad de Valencia
Linares;0;0;Municipal de La Línea
Linares;0;1;Municipal de La Línea
Linares;0;2;Municipal de La Línea
Linares;0;3;Municipal de La Línea
Linares;0;5;Municipal de La Línea
Linares;1;0;Municipal de La Línea
Linares;1;1;Municipal de La Línea
Linares;1;2;Municipal de La Línea
Linares;1;3;Municipal de La Línea
Linares;2;0;Municipal de La Línea
Linares;2;1;Municipal de La Línea
Linares;2;2;Municipal de La Línea
Linares;2;3;Municipal de La Línea
Linares;3;0;Municipal de La Línea
Linares;3;1;Municipal de La Línea
Linares;3;2;Municipal de La Línea
Linares;3;3;Municipal de La Línea
Llagostera;0;0;
Llagostera;0;1;
Llagostera;0;2;
Llagostera;1;0;
Llagostera;1;2;
Llagostera;1;4;
Llagostera;2;0;
Llagostera;2;1;
Llagostera;2;3;
Llagostera;3;0;
Llagostera;3;1;
Llagostera;3;2;
Llagostera;4;1;
Lleida;0;0;Camp dEsports
Lleida;0;1;Camp dEsports
Lleida;0;2;Camp dEsports
Lleida;0;3;Camp dEsports
Lleida;0;4;Camp dEsports
Lleida;1;0;Camp dEsports
Lleida;1;1;Camp dEsports
Lleida;1;2;Camp dEsports
Lleida;1;3;Camp dEsports
Lleida;1;4;Camp dEsports
Lleida;2;0;Camp dEsports
Lleida;2;1;Camp dEsports
Lleida;2;2;Camp dEsports
Lleida;2;3;Camp dEsports
Lleida;2;4;Camp dEsports
Lleida;3;0;Camp dEsports
Lleida;3;1;Camp dEsports
Lleida;3;2;Camp dEsports
Lleida;3;3;Camp dEsports
Lleida;4;0;Camp dEsports
Lleida;4;1;Camp dEsports
Lleida;4;2;Camp dEsports
Lleida;5;0;Camp dEsports
Lleida;5;1;Camp dEsports
Lleida;5;2;Camp dEsports
Lleida;6;2;Camp dEsports
Lleida;7;0;Camp dEsports
Logroñés;0;0;Las Gaunas
Logroñés;0;1;Las Gaunas
Logroñés;0;2;Las Gaunas
Logroñés;0;3;Las Gaunas
Logroñés;0;4;Las Gaunas
Logroñés;1;0;Las Gaunas
Logroñés;1;1;Las Gaunas
Logroñés;1;2;Las Gaunas
Logroñés;1;3;Las Gaunas
Logroñés;1;4;Las Gaunas
Logroñés;1;5;Las Gaunas
Logroñés;2;0;Las Gaunas
Logroñés;2;1;Las Gaunas
Logroñés;2;2;Las Gaunas
Logroñés;2;3;Las Gaunas
Logroñés;3;0;Las Gaunas
Logroñés;3;1;Las Gaunas
Logroñés;3;2;Las Gaunas
Logroñés;3;3;Las Gaunas
Logroñés;3;4;Las Gaunas
Logroñés;4;0;Las Gaunas
Logroñés;4;1;Las Gaunas
Logroñés;4;2;Las Gaunas
Logroñés;6;0;Las Gaunas
Lorca;0;0;
Lorca;0;1;
Lorca;0;2;
Lorca;0;3;
Lorca;0;4;
Lorca;1;0;
Lorca;1;1;
Lorca;1;2;
Lorca;1;3;
Lorca;2;0;
Lorca;2;1;
Lorca;2;2;
Lorca;2;3;
Lorca;3;0;
Lorca;3;1;
Lorca;3;2;
Lorca;4;0;
Lugo;0;0;Anxo Carro
Lugo;0;1;Anxo Carro
Lugo;0;2;Anxo Carro
Lugo;1;0;Anxo Carro
Lugo;1;1;Anxo Carro
Lugo;1;2;Anxo Carro
Lugo;1;3;Anxo Carro
Lugo;1;4;Anxo Carro
Lugo;2;0;Anxo Carro
Lugo;2;1;Anxo Carro
Lugo;2;2;Anxo Carro
Lugo;2;3;Anxo Carro
Lugo;2;4;Anxo Carro
Lugo;3;0;Anxo Carro
Lugo;3;1;Anxo Carro
Lugo;3;2;Anxo Carro
Lugo;3;3;Anxo Carro
Lugo;3;5;Anxo Carro
Lugo;4;0;Anxo Carro
Lugo;4;2;Anxo Carro
Lugo;4;3;Anxo Carro
Málaga (C.D.);0;0;
Málaga (C.D.);0;1;
Málaga (C.D.);0;2;
Málaga (C.D.);0;3;
Málaga (C.D.);0;5;
Málaga (C.D.);1;0;
Málaga (C.D.);1;1;
Málaga (C.D.);1;2;
Málaga (C.D.);1;3;
Málaga (C.D.);1;4;
Málaga (C.D.);2;0;
Málaga (C.D.);2;1;
Málaga (C.D.);2;2;
Málaga (C.D.);2;3;
Málaga (C.D.);3;0;
Málaga (C.D.);3;1;
Málaga (C.D.);3;2;
Málaga (C.D.);3;3;
Málaga (C.D.);4;0;
Málaga (C.D.);4;1;
Málaga (C.D.);4;2;
Málaga (C.D.);4;3;
Málaga (C.D.);5;0;
Málaga (C.D.);5;1;
Málaga (C.D.);5;2;
Málaga (C.D.);6;1;
Málaga (C.D.);6;2;
Málaga (C.D.);8;0;
Málaga B;0;0;
Málaga B;0;1;
Málaga B;0;2;
Málaga B;0;3;
Málaga B;1;0;
Málaga B;1;1;
Málaga B;1;2;
Málaga B;1;3;
Málaga B;1;4;
Málaga B;1;5;
Málaga B;2;0;
Málaga B;2;1;
Málaga B;2;2;
Málaga B;3;1;
Málaga B;3;2;
Málaga B;5;2;
Málaga B;5;4;
Málaga;0;0;La Rosaleda
Málaga;0;1;La Rosaleda
Málaga;0;2;La Rosaleda
Málaga;0;3;La Rosaleda
Málaga;0;4;La Rosaleda
Málaga;0;5;La Rosaleda
Málaga;1;0;La Rosaleda
Málaga;1;1;La Rosaleda
Málaga;1;2;La Rosaleda
Málaga;1;3;La Rosaleda
Málaga;1;4;La Rosaleda
Málaga;1;5;La Rosaleda
Málaga;1;6;La Rosaleda
Málaga;2;0;La Rosaleda
Málaga;2;1;La Rosaleda
Málaga;2;2;La Rosaleda
Málaga;2;3;La Rosaleda
Málaga;2;4;La Rosaleda
Málaga;3;0;La Rosaleda
Málaga;3;1;La Rosaleda
Málaga;3;2;La Rosaleda
Málaga;3;3;La Rosaleda
Málaga;3;4;La Rosaleda
Málaga;4;0;La Rosaleda
Málaga;4;1;La Rosaleda
Málaga;4;2;La Rosaleda
Málaga;4;3;La Rosaleda
Málaga;4;6;La Rosaleda
Málaga;5;0;La Rosaleda
Málaga;5;1;La Rosaleda
Málaga;5;2;La Rosaleda
Mallorca B;0;0;Campo de Son Malferit
Mallorca B;0;1;Campo de Son Malferit
Mallorca B;0;3;Campo de Son Malferit
Mallorca B;1;1;Campo de Son Malferit
Mallorca B;1;3;Campo de Son Malferit
Mallorca B;2;0;Campo de Son Malferit
Mallorca B;2;1;Campo de Son Malferit
Mallorca B;3;3;Campo de Son Malferit
Mallorca B;3;4;Campo de Son Malferit
Mallorca B;4;1;Campo de Son Malferit
Mallorca B;4;4;Campo de Son Malferit
Mallorca;0;0;Son Moix
Mallorca;0;1;Son Moix
Mallorca;0;2;Son Moix
Mallorca;0;3;Son Moix
Mallorca;0;4;Son Moix
Mallorca;0;5;Son Moix
Mallorca;1;0;Son Moix
Mallorca;1;1;Son Moix
Mallorca;1;2;Son Moix
Mallorca;1;3;Son Moix
Mallorca;1;4;Son Moix
Mallorca;1;5;Son Moix
Mallorca;2;0;Son Moix
Mallorca;2;1;Son Moix
Mallorca;2;2;Son Moix
Mallorca;2;3;Son Moix
Mallorca;2;4;Son Moix
Mallorca;3;0;Son Moix
Mallorca;3;1;Son Moix
Mallorca;3;2;Son Moix
Mallorca;3;3;Son Moix
Mallorca;3;4;Son Moix
Mallorca;4;0;Son Moix
Mallorca;4;1;Son Moix
Mallorca;4;2;Son Moix
Mallorca;4;3;Son Moix
Mallorca;5;0;Son Moix
Mallorca;5;1;Son Moix
Mallorca;5;2;Son Moix
Mallorca;6;1;Son Moix
Mallorca;6;2;Son Moix
Mallorca;7;1;Son Moix
Marbella;0;0;
Marbella;0;1;
Marbella;0;2;
Marbella;0;3;
Marbella;0;4;
Marbella;1;0;
Marbella;1;1;
Marbella;1;2;
Marbella;1;3;
Marbella;1;4;
Marbella;2;0;
Marbella;2;1;
Marbella;2;2;
Marbella;3;0;
Marbella;3;1;
Marbella;3;2;
Marbella;3;3;
Marbella;4;1;
Mérida;0;0;Romano
Mérida;0;1;Romano
Mérida;0;2;Romano
Mérida;0;4;Romano
Mérida;1;0;Romano
Mérida;1;1;Romano
Mérida;1;2;Romano
Mérida;1;3;Romano
Mérida;1;4;Romano
Mérida;2;0;Romano
Mérida;2;1;Romano
Mérida;2;2;Romano
Mérida;2;3;Romano
Mérida;3;0;Romano
Mérida;3;1;Romano
Mérida;3;2;Romano
Mérida;3;3;Romano
Mérida;4;0;Romano
Mérida;4;2;Romano
Mérida;5;0;Romano
Mérida;5;1;Romano
Mérida;5;3;Romano
Mérida;6;0;Romano
Mirandés;0;0;Municipal de Anduva
Mirandés;0;1;Municipal de Anduva
Mirandés;0;2;Municipal de Anduva
Mirandés;0;3;Municipal de Anduva
Mirandés;1;0;Municipal de Anduva
Mirandés;1;1;Municipal de Anduva
Mirandés;1;2;Municipal de Anduva
Mirandés;1;4;Municipal de Anduva
Mirandés;1;5;Municipal de Anduva
Mirandés;2;0;Municipal de Anduva
Mirandés;2;1;Municipal de Anduva
Mirandés;2;2;Municipal de Anduva
Mirandés;2;3;Municipal de Anduva
Mirandés;3;0;Municipal de Anduva
Mirandés;3;1;Municipal de Anduva
Mirandés;3;2;Municipal de Anduva
Mirandés;4;0;Municipal de Anduva
Mollerussa;0;0;
Mollerussa;0;1;
Mollerussa;0;2;
Mollerussa;0;3;
Mollerussa;0;4;
Mollerussa;1;0;
Mollerussa;1;1;
Mollerussa;1;2;
Mollerussa;2;2;
Murcia;0;0;Enrique Roca de Murcia
Murcia;0;1;Enrique Roca de Murcia
Murcia;0;2;Enrique Roca de Murcia
Murcia;0;3;Enrique Roca de Murcia
Murcia;1;0;Enrique Roca de Murcia
Murcia;1;1;Enrique Roca de Murcia
Murcia;1;2;Enrique Roca de Murcia
Murcia;1;3;Enrique Roca de Murcia
Murcia;1;4;Enrique Roca de Murcia
Murcia;1;5;Enrique Roca de Murcia
Murcia;2;0;Enrique Roca de Murcia
Murcia;2;1;Enrique Roca de Murcia
Murcia;2;2;Enrique Roca de Murcia
Murcia;2;3;Enrique Roca de Murcia
Murcia;2;4;Enrique Roca de Murcia
Murcia;2;5;Enrique Roca de Murcia
Murcia;2;6;Enrique Roca de Murcia
Murcia;3;0;Enrique Roca de Murcia
Murcia;3;1;Enrique Roca de Murcia
Murcia;3;2;Enrique Roca de Murcia
Murcia;3;3;Enrique Roca de Murcia
Murcia;3;4;Enrique Roca de Murcia
Murcia;3;5;Enrique Roca de Murcia
Murcia;4;0;Enrique Roca de Murcia
Murcia;4;1;Enrique Roca de Murcia
Murcia;4;2;Enrique Roca de Murcia
Murcia;4;3;Enrique Roca de Murcia
Murcia;5;0;Enrique Roca de Murcia
Murcia;5;1;Enrique Roca de Murcia
Murcia;5;2;Enrique Roca de Murcia
Murcia;5;4;Enrique Roca de Murcia
Murcia;6;0;Enrique Roca de Murcia
Murcia;6;1;Enrique Roca de Murcia
Murcia;7;0;Enrique Roca de Murcia
Numancia;0;0;Nuevo Los Pajaritos
Numancia;0;1;Nuevo Los Pajaritos
Numancia;0;2;Nuevo Los Pajaritos
Numancia;0;3;Nuevo Los Pajaritos
Numancia;1;0;Nuevo Los Pajaritos
Numancia;1;1;Nuevo Los Pajaritos
Numancia;1;2;Nuevo Los Pajaritos
Numancia;1;3;Nuevo Los Pajaritos
Numancia;1;4;Nuevo Los Pajaritos
Numancia;1;5;Nuevo Los Pajaritos
Numancia;2;0;Nuevo Los Pajaritos
Numancia;2;1;Nuevo Los Pajaritos
Numancia;2;2;Nuevo Los Pajaritos
Numancia;2;3;Nuevo Los Pajaritos
Numancia;2;4;Nuevo Los Pajaritos
Numancia;3;0;Nuevo Los Pajaritos
Numancia;3;1;Nuevo Los Pajaritos
Numancia;3;2;Nuevo Los Pajaritos
Numancia;3;3;Nuevo Los Pajaritos
Numancia;4;0;Nuevo Los Pajaritos
Numancia;4;1;Nuevo Los Pajaritos
Numancia;4;2;Nuevo Los Pajaritos
Numancia;4;3;Nuevo Los Pajaritos
Numancia;4;6;Nuevo Los Pajaritos
Numancia;5;0;Nuevo Los Pajaritos
Numancia;6;3;Nuevo Los Pajaritos
Numancia;6;6;Nuevo Los Pajaritos
Numancia;7;0;Nuevo Los Pajaritos
Orihuela;0;0;
Orihuela;1;0;
Orihuela;1;1;
Orihuela;1;2;
Orihuela;2;0;
Orihuela;2;2;
Orihuela;2;4;
Orihuela;3;0;
Orihuela;3;1;
Orihuela;3;2;
Orihuela;4;0;
Osasuna;0;0;El Sadar
Osasuna;0;1;El Sadar
Osasuna;0;2;El Sadar
Osasuna;0;3;El Sadar
Osasuna;0;4;El Sadar
Osasuna;1;0;El Sadar
Osasuna;1;1;El Sadar
Osasuna;1;2;El Sadar
Osasuna;1;3;El Sadar
Osasuna;1;4;El Sadar
Osasuna;1;5;El Sadar
Osasuna;1;6;El Sadar
Osasuna;2;0;El Sadar
Osasuna;2;1;El Sadar
Osasuna;2;2;El Sadar
Osasuna;2;3;El Sadar
Osasuna;3;0;El Sadar
Osasuna;3;1;El Sadar
Osasuna;3;2;El Sadar
Osasuna;3;3;El Sadar
Osasuna;4;0;El Sadar
Osasuna;4;1;El Sadar
Osasuna;4;2;El Sadar
Osasuna;5;0;El Sadar
Osasuna;5;1;El Sadar
Osasuna;5;2;El Sadar
Osasuna;5;3;El Sadar
Osasuna;6;0;El Sadar
Osasuna;6;1;El Sadar
Osasuna;6;2;El Sadar
Osasuna;6;4;El Sadar
Ourense;0;0;
Ourense;0;1;
Ourense;0;2;
Ourense;0;3;
Ourense;0;4;
Ourense;1;0;
Ourense;1;1;
Ourense;1;2;
Ourense;1;3;
Ourense;1;4;
Ourense;2;0;
Ourense;2;1;
Ourense;2;2;
Ourense;2;3;
Ourense;3;0;
Ourense;3;1;
Ourense;3;2;
Ourense;3;4;
Ourense;4;0;
Ourense;4;1;
Ourense;4;2;
Oviedo;0;0;Municipal Carlos Tartiere
Oviedo;0;1;Municipal Carlos Tartiere
Oviedo;0;2;Municipal Carlos Tartiere
Oviedo;0;3;Municipal Carlos Tartiere
Oviedo;0;4;Municipal Carlos Tartiere
Oviedo;0;5;Municipal Carlos Tartiere
Oviedo;1;0;Municipal Carlos Tartiere
Oviedo;1;1;Municipal Carlos Tartiere
Oviedo;1;2;Municipal Carlos Tartiere
Oviedo;1;3;Municipal Carlos Tartiere
Oviedo;1;4;Municipal Carlos Tartiere
Oviedo;1;5;Municipal Carlos Tartiere
Oviedo;2;0;Municipal Carlos Tartiere
Oviedo;2;1;Municipal Carlos Tartiere
Oviedo;2;2;Municipal Carlos Tartiere
Oviedo;2;3;Municipal Carlos Tartiere
Oviedo;2;4;Municipal Carlos Tartiere
Oviedo;2;5;Municipal Carlos Tartiere
Oviedo;3;0;Municipal Carlos Tartiere
Oviedo;3;1;Municipal Carlos Tartiere
Oviedo;3;2;Municipal Carlos Tartiere
Oviedo;3;3;Municipal Carlos Tartiere
Oviedo;3;4;Municipal Carlos Tartiere
Oviedo;3;6;Municipal Carlos Tartiere
Oviedo;3;8;Municipal Carlos Tartiere
Oviedo;4;0;Municipal Carlos Tartiere
Oviedo;4;1;Municipal Carlos Tartiere
Oviedo;4;2;Municipal Carlos Tartiere
Oviedo;4;3;Municipal Carlos Tartiere
Oviedo;4;4;Municipal Carlos Tartiere
Oviedo;5;0;Municipal Carlos Tartiere
Oviedo;5;1;Municipal Carlos Tartiere
Oviedo;5;2;Municipal Carlos Tartiere
Oviedo;8;0;Municipal Carlos Tartiere
Palamós;0;0;Nou Estadi de Palamós
Palamós;0;1;Nou Estadi de Palamós
Palamós;0;2;Nou Estadi de Palamós
Palamós;0;3;Nou Estadi de Palamós
Palamós;0;4;Nou Estadi de Palamós
Palamós;1;0;Nou Estadi de Palamós
Palamós;1;1;Nou Estadi de Palamós
Palamós;1;2;Nou Estadi de Palamós
Palamós;1;3;Nou Estadi de Palamós
Palamós;2;0;Nou Estadi de Palamós
Palamós;2;1;Nou Estadi de Palamós
Palamós;2;2;Nou Estadi de Palamós
Palamós;2;3;Nou Estadi de Palamós
Palamós;3;0;Nou Estadi de Palamós
Palamós;3;1;Nou Estadi de Palamós
Palamós;3;2;Nou Estadi de Palamós
Palamós;3;3;Nou Estadi de Palamós
Palamós;3;4;Nou Estadi de Palamós
Palamós;4;1;Nou Estadi de Palamós
Palamós;5;2;Nou Estadi de Palamós
Palamós;7;1;Nou Estadi de Palamós
Palencia;0;0;
Palencia;0;1;
Palencia;0;2;
Palencia;0;3;
Palencia;1;0;
Palencia;1;1;
Palencia;1;2;
Palencia;2;0;
Palencia;2;1;
Palencia;2;2;
Palencia;3;0;
Palencia;3;1;
Palencia;4;0;
Palencia;4;2;
Ponferradina;0;0;El Toralín
Ponferradina;0;1;El Toralín
Ponferradina;0;2;El Toralín
Ponferradina;0;3;El Toralín
Ponferradina;0;4;El Toralín
Ponferradina;1;0;El Toralín
Ponferradina;1;1;El Toralín
Ponferradina;1;2;El Toralín
Ponferradina;1;3;El Toralín
Ponferradina;1;5;El Toralín
Ponferradina;2;0;El Toralín
Ponferradina;2;1;El Toralín
Ponferradina;2;2;El Toralín
Ponferradina;3;0;El Toralín
Ponferradina;3;1;El Toralín
Ponferradina;3;2;El Toralín
Ponferradina;3;3;El Toralín
Ponferradina;3;5;El Toralín
Ponferradina;4;1;El Toralín
Ponferradina;4;2;El Toralín
Ponferradina;4;3;El Toralín
Ponferradina;4;4;El Toralín
Ponferradina;5;1;El Toralín
Pontevedra;0;0;Municipal de Pasarón
Pontevedra;0;1;Municipal de Pasarón
Pontevedra;0;2;Municipal de Pasarón
Pontevedra;1;0;Municipal de Pasarón
Pontevedra;1;1;Municipal de Pasarón
Pontevedra;1;2;Municipal de Pasarón
Pontevedra;1;3;Municipal de Pasarón
Pontevedra;2;0;Municipal de Pasarón
Pontevedra;2;1;Municipal de Pasarón
Pontevedra;2;2;Municipal de Pasarón
Pontevedra;2;3;Municipal de Pasarón
Pontevedra;3;0;Municipal de Pasarón
Pontevedra;3;1;Municipal de Pasarón
Pontevedra;3;3;Municipal de Pasarón
Pontevedra;4;0;Municipal de Pasarón
Pontevedra;4;1;Municipal de Pasarón
Pontevedra;5;0;Municipal de Pasarón
Rac. Santander;0;0;El Sardinero
Rac. Santander;0;1;El Sardinero
Rac. Santander;0;2;El Sardinero
Rac. Santander;0;3;El Sardinero
Rac. Santander;0;4;El Sardinero
Rac. Santander;1;0;El Sardinero
Rac. Santander;1;1;El Sardinero
Rac. Santander;1;2;El Sardinero
Rac. Santander;1;3;El Sardinero
Rac. Santander;1;4;El Sardinero
Rac. Santander;1;5;El Sardinero
Rac. Santander;2;0;El Sardinero
Rac. Santander;2;1;El Sardinero
Rac. Santander;2;2;El Sardinero
Rac. Santander;2;3;El Sardinero
Rac. Santander;2;4;El Sardinero
Rac. Santander;3;0;El Sardinero
Rac. Santander;3;1;El Sardinero
Rac. Santander;3;2;El Sardinero
Rac. Santander;3;3;El Sardinero
Rac. Santander;3;4;El Sardinero
Rac. Santander;4;0;El Sardinero
Rac. Santander;4;1;El Sardinero
Rac. Santander;4;2;El Sardinero
Rac. Santander;4;3;El Sardinero
Rac. Santander;4;4;El Sardinero
Rac. Santander;5;0;El Sardinero
Rac. Santander;5;1;El Sardinero
Rac. Santander;5;2;El Sardinero
Rac. Santander;5;3;El Sardinero
Rac. Santander;5;4;El Sardinero
Rac. Santander;5;5;El Sardinero
Rac. Santander;7;0;El Sardinero
Rayo Vallecano;0;0;Campo de Fútbol de Vallecas
Rayo Vallecano;0;1;Campo de Fútbol de Vallecas
Rayo Vallecano;0;2;Campo de Fútbol de Vallecas
Rayo Vallecano;0;3;Campo de Fútbol de Vallecas
Rayo Vallecano;0;4;Campo de Fútbol de Vallecas
Rayo Vallecano;0;5;Campo de Fútbol de Vallecas
Rayo Vallecano;0;6;Campo de Fútbol de Vallecas
Rayo Vallecano;0;7;Campo de Fútbol de Vallecas
Rayo Vallecano;1;0;Campo de Fútbol de Vallecas
Rayo Vallecano;1;1;Campo de Fútbol de Vallecas
Rayo Vallecano;1;2;Campo de Fútbol de Vallecas
Rayo Vallecano;1;3;Campo de Fútbol de Vallecas
Rayo Vallecano;1;4;Campo de Fútbol de Vallecas
Rayo Vallecano;1;5;Campo de Fútbol de Vallecas
Rayo Vallecano;2;0;Campo de Fútbol de Vallecas
Rayo Vallecano;2;1;Campo de Fútbol de Vallecas
Rayo Vallecano;2;2;Campo de Fútbol de Vallecas
Rayo Vallecano;2;3;Campo de Fútbol de Vallecas
Rayo Vallecano;2;4;Campo de Fútbol de Vallecas
Rayo Vallecano;2;5;Campo de Fútbol de Vallecas
Rayo Vallecano;3;0;Campo de Fútbol de Vallecas
Rayo Vallecano;3;1;Campo de Fútbol de Vallecas
Rayo Vallecano;3;2;Campo de Fútbol de Vallecas
Rayo Vallecano;3;3;Campo de Fútbol de Vallecas
Rayo Vallecano;4;0;Campo de Fútbol de Vallecas
Rayo Vallecano;4;1;Campo de Fútbol de Vallecas
Rayo Vallecano;4;2;Campo de Fútbol de Vallecas
Rayo Vallecano;4;3;Campo de Fútbol de Vallecas
Rayo Vallecano;4;4;Campo de Fútbol de Vallecas
Rayo Vallecano;5;0;Campo de Fútbol de Vallecas
Rayo Vallecano;5;1;Campo de Fútbol de Vallecas
Rayo Vallecano;5;2;Campo de Fútbol de Vallecas
Rayo Vallecano;6;0;Campo de Fútbol de Vallecas
Rayo Vallecano;6;1;Campo de Fútbol de Vallecas
Rayo Vallecano;7;0;Campo de Fútbol de Vallecas
Real Madrid B;0;0;Alfredo Di Stéfano
Real Madrid B;0;1;Alfredo Di Stéfano
Real Madrid B;0;2;Alfredo Di Stéfano
Real Madrid B;0;3;Alfredo Di Stéfano
Real Madrid B;0;4;Alfredo Di Stéfano
Real Madrid B;1;0;Alfredo Di Stéfano
Real Madrid B;1;1;Alfredo Di Stéfano
Real Madrid B;1;2;Alfredo Di Stéfano
Real Madrid B;1;3;Alfredo Di Stéfano
Real Madrid B;2;0;Alfredo Di Stéfano
Real Madrid B;2;1;Alfredo Di Stéfano
Real Madrid B;2;2;Alfredo Di Stéfano
Real Madrid B;2;3;Alfredo Di Stéfano
Real Madrid B;2;4;Alfredo Di Stéfano
Real Madrid B;2;5;Alfredo Di Stéfano
Real Madrid B;3;0;Alfredo Di Stéfano
Real Madrid B;3;1;Alfredo Di Stéfano
Real Madrid B;3;2;Alfredo Di Stéfano
Real Madrid B;3;3;Alfredo Di Stéfano
Real Madrid B;3;4;Alfredo Di Stéfano
Real Madrid B;4;0;Alfredo Di Stéfano
Real Madrid B;4;1;Alfredo Di Stéfano
Real Madrid B;4;2;Alfredo Di Stéfano
Real Madrid B;4;3;Alfredo Di Stéfano
Real Madrid B;5;0;Alfredo Di Stéfano
Real Madrid B;5;1;Alfredo Di Stéfano
Real Madrid B;6;1;Alfredo Di Stéfano
Real Madrid B;7;0;Alfredo Di Stéfano
Real Madrid;0;0;Santiago Bernabéu
Real Madrid;0;1;Santiago Bernabéu
Real Madrid;0;2;Santiago Bernabéu
Real Madrid;0;3;Santiago Bernabéu
Real Madrid;0;4;Santiago Bernabéu
Real Madrid;0;5;Santiago Bernabéu
Real Madrid;1;0;Santiago Bernabéu
Real Madrid;1;1;Santiago Bernabéu
Real Madrid;1;2;Santiago Bernabéu
Real Madrid;1;3;Santiago Bernabéu
Real Madrid;1;4;Santiago Bernabéu
Real Madrid;1;5;Santiago Bernabéu
Real Madrid;2;0;Santiago Bernabéu
Real Madrid;2;1;Santiago Bernabéu
Real Madrid;2;2;Santiago Bernabéu
Real Madrid;2;3;Santiago Bernabéu
Real Madrid;2;4;Santiago Bernabéu
Real Madrid;2;6;Santiago Bernabéu
Real Madrid;3;0;Santiago Bernabéu
Real Madrid;3;1;Santiago Bernabéu
Real Madrid;3;2;Santiago Bernabéu
Real Madrid;3;3;Santiago Bernabéu
Real Madrid;3;4;Santiago Bernabéu
Real Madrid;4;0;Santiago Bernabéu
Real Madrid;4;1;Santiago Bernabéu
Real Madrid;4;2;Santiago Bernabéu
Real Madrid;4;3;Santiago Bernabéu
Real Madrid;5;0;Santiago Bernabéu
Real Madrid;5;1;Santiago Bernabéu
Real Madrid;5;2;Santiago Bernabéu
Real Madrid;6;0;Santiago Bernabéu
Real Madrid;6;1;Santiago Bernabéu
Real Madrid;6;2;Santiago Bernabéu
Real Madrid;7;0;Santiago Bernabéu
Real Madrid;7;1;Santiago Bernabéu
Real Madrid;7;2;Santiago Bernabéu
Real Madrid;7;3;Santiago Bernabéu
Real Madrid;8;1;Santiago Bernabéu
Real Madrid;9;1;Santiago Bernabéu
Real Sociedad;0;0;Reale Arena
Real Sociedad;0;1;Reale Arena
Real Sociedad;0;2;Reale Arena
Real Sociedad;0;3;Reale Arena
Real Sociedad;0;4;Reale Arena
Real Sociedad;0;6;Reale Arena
Real Sociedad;1;0;Reale Arena
Real Sociedad;1;1;Reale Arena
Real Sociedad;1;2;Reale Arena
Real Sociedad;1;3;Reale Arena
Real Sociedad;1;4;Reale Arena
Real Sociedad;1;5;Reale Arena
Real Sociedad;2;0;Reale Arena
Real Sociedad;2;1;Reale Arena
Real Sociedad;2;2;Reale Arena
Real Sociedad;2;3;Reale Arena
Real Sociedad;2;4;Reale Arena
Real Sociedad;2;5;Reale Arena
Real Sociedad;3;0;Reale Arena
Real Sociedad;3;1;Reale Arena
Real Sociedad;3;2;Reale Arena
Real Sociedad;3;3;Reale Arena
Real Sociedad;4;0;Reale Arena
Real Sociedad;4;1;Reale Arena
Real Sociedad;4;2;Reale Arena
Real Sociedad;4;3;Reale Arena
Real Sociedad;5;0;Reale Arena
Real Sociedad;5;1;Reale Arena
Real Sociedad;5;2;Reale Arena
Real Sociedad;5;3;Reale Arena
Real Sociedad;6;0;Reale Arena
Real Sociedad;6;1;Reale Arena
Real Sociedad;7;1;Reale Arena
Real Sociedad;8;1;Reale Arena
Real Unión;0;0;Stadium Gal
Real Unión;0;1;Stadium Gal
Real Unión;0;2;Stadium Gal
Real Unión;0;3;Stadium Gal
Real Unión;1;0;Stadium Gal
Real Unión;1;1;Stadium Gal
Real Unión;1;3;Stadium Gal
Real Unión;2;0;Stadium Gal
Real Unión;2;1;Stadium Gal
Real Unión;2;3;Stadium Gal
Real Unión;3;1;Stadium Gal
Real Unión;4;3;Stadium Gal
Rec. Huelva;0;0;Nuevo Colombino
Rec. Huelva;0;1;Nuevo Colombino
Rec. Huelva;0;2;Nuevo Colombino
Rec. Huelva;0;3;Nuevo Colombino
Rec. Huelva;0;4;Nuevo Colombino
Rec. Huelva;1;0;Nuevo Colombino
Rec. Huelva;1;1;Nuevo Colombino
Rec. Huelva;1;2;Nuevo Colombino
Rec. Huelva;1;3;Nuevo Colombino
Rec. Huelva;1;4;Nuevo Colombino
Rec. Huelva;1;5;Nuevo Colombino
Rec. Huelva;2;0;Nuevo Colombino
Rec. Huelva;2;1;Nuevo Colombino
Rec. Huelva;2;2;Nuevo Colombino
Rec. Huelva;2;3;Nuevo Colombino
Rec. Huelva;2;4;Nuevo Colombino
Rec. Huelva;2;5;Nuevo Colombino
Rec. Huelva;3;0;Nuevo Colombino
Rec. Huelva;3;1;Nuevo Colombino
Rec. Huelva;3;2;Nuevo Colombino
Rec. Huelva;3;3;Nuevo Colombino
Rec. Huelva;4;0;Nuevo Colombino
Rec. Huelva;4;1;Nuevo Colombino
Rec. Huelva;4;2;Nuevo Colombino
Rec. Huelva;4;3;Nuevo Colombino
Rec. Huelva;5;0;Nuevo Colombino
Rec. Huelva;5;1;Nuevo Colombino
Rec. Huelva;5;3;Nuevo Colombino
Rec. Huelva;6;1;Nuevo Colombino
Rec. Huelva;7;0;Nuevo Colombino
Sabadell;0;0;Nova Creu Alta
Sabadell;0;1;Nova Creu Alta
Sabadell;0;2;Nova Creu Alta
Sabadell;0;3;Nova Creu Alta
Sabadell;0;4;Nova Creu Alta
Sabadell;1;0;Nova Creu Alta
Sabadell;1;1;Nova Creu Alta
Sabadell;1;2;Nova Creu Alta
Sabadell;1;3;Nova Creu Alta
Sabadell;1;4;Nova Creu Alta
Sabadell;1;5;Nova Creu Alta
Sabadell;2;0;Nova Creu Alta
Sabadell;2;1;Nova Creu Alta
Sabadell;2;2;Nova Creu Alta
Sabadell;2;3;Nova Creu Alta
Sabadell;3;0;Nova Creu Alta
Sabadell;3;1;Nova Creu Alta
Sabadell;3;2;Nova Creu Alta
Sabadell;3;3;Nova Creu Alta
Sabadell;3;4;Nova Creu Alta
Sabadell;3;5;Nova Creu Alta
Sabadell;4;0;Nova Creu Alta
Sabadell;4;1;Nova Creu Alta
Sabadell;4;2;Nova Creu Alta
Sabadell;4;3;Nova Creu Alta
Sabadell;5;0;Nova Creu Alta
Sabadell;5;2;Nova Creu Alta
Sabadell;6;1;Nova Creu Alta
Salamanca;0;0;Pistas del Helmántico
Salamanca;0;1;Pistas del Helmántico
Salamanca;0;2;Pistas del Helmántico
Salamanca;0;3;Pistas del Helmántico
Salamanca;0;5;Pistas del Helmántico
Salamanca;1;0;Pistas del Helmántico
Salamanca;1;1;Pistas del Helmántico
Salamanca;1;2;Pistas del Helmántico
Salamanca;1;3;Pistas del Helmántico
Salamanca;1;4;Pistas del Helmántico
Salamanca;1;5;Pistas del Helmántico
Salamanca;2;0;Pistas del Helmántico
Salamanca;2;1;Pistas del Helmántico
Salamanca;2;2;Pistas del Helmántico
Salamanca;2;3;Pistas del Helmántico
Salamanca;2;4;Pistas del Helmántico
Salamanca;3;0;Pistas del Helmántico
Salamanca;3;1;Pistas del Helmántico
Salamanca;3;2;Pistas del Helmántico
Salamanca;3;3;Pistas del Helmántico
Salamanca;4;0;Pistas del Helmántico
Salamanca;4;1;Pistas del Helmántico
Salamanca;4;2;Pistas del Helmántico
Salamanca;4;3;Pistas del Helmántico
Salamanca;4;5;Pistas del Helmántico
Salamanca;5;0;Pistas del Helmántico
Salamanca;5;1;Pistas del Helmántico
Salamanca;5;4;Pistas del Helmántico
Salamanca;6;0;Pistas del Helmántico
Sant Andreu;0;0;Narcís Sala
Sant Andreu;0;1;Narcís Sala
Sant Andreu;0;2;Narcís Sala
Sant Andreu;1;0;Narcís Sala
Sant Andreu;1;1;Narcís Sala
Sant Andreu;1;2;Narcís Sala
Sant Andreu;1;3;Narcís Sala
Sant Andreu;2;0;Narcís Sala
Sant Andreu;2;1;Narcís Sala
Sant Andreu;2;2;Narcís Sala
Sant Andreu;2;3;Narcís Sala
Sant Andreu;2;4;Narcís Sala
Sant Andreu;3;0;Narcís Sala
Sant Andreu;3;1;Narcís Sala
Sant Andreu;3;2;Narcís Sala
Sant Andreu;3;3;Narcís Sala
Sant Andreu;4;0;Narcís Sala
Sant Andreu;4;1;Narcís Sala
Sant Andreu;4;2;Narcís Sala
Sant Andreu;5;0;Narcís Sala
Sant Andreu;5;1;Narcís Sala
Sestao;0;0;Las Llanas
Sestao;0;1;Las Llanas
Sestao;0;2;Las Llanas
Sestao;0;3;Las Llanas
Sestao;0;4;Las Llanas
Sestao;1;0;Las Llanas
Sestao;1;1;Las Llanas
Sestao;1;2;Las Llanas
Sestao;1;3;Las Llanas
Sestao;1;4;Las Llanas
Sestao;2;0;Las Llanas
Sestao;2;1;Las Llanas
Sestao;2;2;Las Llanas
Sestao;3;0;Las Llanas
Sestao;3;1;Las Llanas
Sestao;4;0;Las Llanas
Sestao;4;1;Las Llanas
Sestao;5;0;Las Llanas
Sestao;5;3;Las Llanas
Sevilla B;0;0;Jesús Navas
Sevilla B;0;1;Jesús Navas
Sevilla B;0;2;Jesús Navas
Sevilla B;0;4;Jesús Navas
Sevilla B;1;0;Jesús Navas
Sevilla B;1;1;Jesús Navas
Sevilla B;1;2;Jesús Navas
Sevilla B;1;3;Jesús Navas
Sevilla B;2;0;Jesús Navas
Sevilla B;2;1;Jesús Navas
Sevilla B;2;2;Jesús Navas
Sevilla B;2;3;Jesús Navas
Sevilla B;3;3;Jesús Navas
Sevilla B;3;4;Jesús Navas
Sevilla B;4;2;Jesús Navas
Sevilla;0;0;Ramón Sánchez-Pizjuán
Sevilla;0;1;Ramón Sánchez-Pizjuán
Sevilla;0;2;Ramón Sánchez-Pizjuán
Sevilla;0;3;Ramón Sánchez-Pizjuán
Sevilla;0;4;Ramón Sánchez-Pizjuán
Sevilla;1;0;Ramón Sánchez-Pizjuán
Sevilla;1;1;Ramón Sánchez-Pizjuán
Sevilla;1;2;Ramón Sánchez-Pizjuán
Sevilla;1;3;Ramón Sánchez-Pizjuán
Sevilla;1;4;Ramón Sánchez-Pizjuán
Sevilla;2;0;Ramón Sánchez-Pizjuán
Sevilla;2;1;Ramón Sánchez-Pizjuán
Sevilla;2;2;Ramón Sánchez-Pizjuán
Sevilla;2;3;Ramón Sánchez-Pizjuán
Sevilla;2;4;Ramón Sánchez-Pizjuán
Sevilla;2;6;Ramón Sánchez-Pizjuán
Sevilla;3;0;Ramón Sánchez-Pizjuán
Sevilla;3;1;Ramón Sánchez-Pizjuán
Sevilla;3;2;Ramón Sánchez-Pizjuán
Sevilla;3;3;Ramón Sánchez-Pizjuán
Sevilla;4;0;Ramón Sánchez-Pizjuán
Sevilla;4;1;Ramón Sánchez-Pizjuán
Sevilla;4;2;Ramón Sánchez-Pizjuán
Sevilla;4;3;Ramón Sánchez-Pizjuán
Sevilla;5;0;Ramón Sánchez-Pizjuán
Sevilla;5;1;Ramón Sánchez-Pizjuán
Sevilla;5;2;Ramón Sánchez-Pizjuán
Sevilla;6;1;Ramón Sánchez-Pizjuán
Sevilla;7;1;Ramón Sánchez-Pizjuán
Sporting Gijón;0;0;El Requexón
Sporting Gijón;0;1;El Requexón
Sporting Gijón;0;2;El Requexón
Sporting Gijón;0;3;El Requexón
Sporting Gijón;0;4;El Requexón
Sporting Gijón;1;0;El Requexón
Sporting Gijón;1;1;El Requexón
Sporting Gijón;1;2;El Requexón
Sporting Gijón;1;3;El Requexón
Sporting Gijón;1;4;El Requexón
Sporting Gijón;1;6;El Requexón
Sporting Gijón;2;0;El Requexón
Sporting Gijón;2;1;El Requexón
Sporting Gijón;2;2;El Requexón
Sporting Gijón;2;3;El Requexón
Sporting Gijón;2;4;El Requexón
Sporting Gijón;2;5;El Requexón
Sporting Gijón;3;0;El Requexón
Sporting Gijón;3;1;El Requexón
Sporting Gijón;3;2;El Requexón
Sporting Gijón;3;3;El Requexón
Sporting Gijón;4;0;El Requexón
Sporting Gijón;4;1;El Requexón
Sporting Gijón;4;2;El Requexón
Sporting Gijón;4;3;El Requexón
Sporting Gijón;5;0;El Requexón
Sporting Gijón;5;1;El Requexón
Sporting Gijón;5;2;El Requexón
Sporting Gijón;5;3;El Requexón
Sporting Gijón;5;4;El Requexón
Sporting Gijón;6;1;El Requexón
Sporting Gijón;6;2;El Requexón
Sporting Gijón;7;1;El Requexón
Tenerife;0;0;Heliodoro Rodríguez López
Tenerife;0;1;Heliodoro Rodríguez López
Tenerife;0;2;Heliodoro Rodríguez López
Tenerife;0;3;Heliodoro Rodríguez López
Tenerife;0;4;Heliodoro Rodríguez López
Tenerife;0;5;Heliodoro Rodríguez López
Tenerife;0;6;Heliodoro Rodríguez López
Tenerife;1;0;Heliodoro Rodríguez López
Tenerife;1;1;Heliodoro Rodríguez López
Tenerife;1;2;Heliodoro Rodríguez López
Tenerife;1;3;Heliodoro Rodríguez López
Tenerife;1;4;Heliodoro Rodríguez López
Tenerife;1;5;Heliodoro Rodríguez López
Tenerife;2;0;Heliodoro Rodríguez López
Tenerife;2;1;Heliodoro Rodríguez López
Tenerife;2;2;Heliodoro Rodríguez López
Tenerife;2;3;Heliodoro Rodríguez López
Tenerife;3;0;Heliodoro Rodríguez López
Tenerife;3;1;Heliodoro Rodríguez López
Tenerife;3;2;Heliodoro Rodríguez López
Tenerife;3;3;Heliodoro Rodríguez López
Tenerife;3;5;Heliodoro Rodríguez López
Tenerife;4;0;Heliodoro Rodríguez López
Tenerife;4;1;Heliodoro Rodríguez López
Tenerife;4;2;Heliodoro Rodríguez López
Tenerife;4;3;Heliodoro Rodríguez López
Tenerife;5;0;Heliodoro Rodríguez López
Tenerife;5;1;Heliodoro Rodríguez López
Tenerife;5;3;Heliodoro Rodríguez López
Tenerife;6;0;Heliodoro Rodríguez López
Terrassa;0;0;Olímpic de Terrassa
Terrassa;0;1;Olímpic de Terrassa
Terrassa;0;2;Olímpic de Terrassa
Terrassa;0;4;Olímpic de Terrassa
Terrassa;1;0;Olímpic de Terrassa
Terrassa;1;1;Olímpic de Terrassa
Terrassa;1;2;Olímpic de Terrassa
Terrassa;1;3;Olímpic de Terrassa
Terrassa;1;4;Olímpic de Terrassa
Terrassa;2;0;Olímpic de Terrassa
Terrassa;2;1;Olímpic de Terrassa
Terrassa;2;2;Olímpic de Terrassa
Terrassa;2;3;Olímpic de Terrassa
Terrassa;2;4;Olímpic de Terrassa
Terrassa;2;5;Olímpic de Terrassa
Terrassa;3;0;Olímpic de Terrassa
Terrassa;3;1;Olímpic de Terrassa
Terrassa;3;2;Olímpic de Terrassa
Terrassa;4;0;Olímpic de Terrassa
Terrassa;4;1;Olímpic de Terrassa
Terrassa;4;2;Olímpic de Terrassa
Terrassa;4;4;Olímpic de Terrassa
Terrassa;6;1;Olímpic de Terrassa
Toledo;0;0;
Toledo;0;1;
Toledo;0;2;
Toledo;0;3;
Toledo;0;4;
Toledo;1;0;
Toledo;1;1;
Toledo;1;2;
Toledo;1;3;
Toledo;1;4;
Toledo;2;0;
Toledo;2;1;
Toledo;2;2;
Toledo;2;3;
Toledo;2;5;
Toledo;3;0;
Toledo;3;1;
Toledo;3;2;
Toledo;3;3;
Toledo;4;0;
Toledo;4;1;
Toledo;5;0;
Toledo;5;2;
Univ.Las Palma;0;0;
Univ.Las Palma;0;1;
Univ.Las Palma;0;2;
Univ.Las Palma;1;0;
Univ.Las Palma;1;1;
Univ.Las Palma;1;3;
Univ.Las Palma;2;1;
Univ.Las Palma;2;2;
Valencia B;0;0;Paterna
Valencia B;0;1;Paterna
Valencia B;1;0;Paterna
Valencia B;1;1;Paterna
Valencia B;1;2;Paterna
Valencia B;1;3;Paterna
Valencia B;2;1;Paterna
Valencia B;2;3;Paterna
Valencia B;3;1;Paterna
Valencia;0;0;Mestalla
Valencia;0;1;Mestalla
Valencia;0;2;Mestalla
Valencia;0;3;Mestalla
Valencia;0;4;Mestalla
Valencia;0;5;Mestalla
Valencia;1;0;Mestalla
Valencia;1;1;Mestalla
Valencia;1;2;Mestalla
Valencia;1;3;Mestalla
Valencia;1;5;Mestalla
Valencia;2;0;Mestalla
Valencia;2;1;Mestalla
Valencia;2;2;Mestalla
Valencia;2;3;Mestalla
Valencia;2;4;Mestalla
Valencia;2;5;Mestalla
Valencia;3;0;Mestalla
Valencia;3;1;Mestalla
Valencia;3;2;Mestalla
Valencia;3;3;Mestalla
Valencia;3;4;Mestalla
Valencia;3;6;Mestalla
Valencia;4;0;Mestalla
Valencia;4;1;Mestalla
Valencia;4;2;Mestalla
Valencia;4;3;Mestalla
Valencia;5;0;Mestalla
Valencia;5;1;Mestalla
Valencia;5;2;Mestalla
Valencia;5;3;Mestalla
Valencia;6;0;Mestalla
Valencia;6;1;Mestalla
Valencia;6;2;Mestalla
Valencia;6;3;Mestalla
Valencia;7;0;Mestalla
Valencia;7;1;Mestalla
Valladolid;0;0;José Zorrilla
Valladolid;0;1;José Zorrilla
Valladolid;0;2;José Zorrilla
Valladolid;0;3;José Zorrilla
Valladolid;0;4;José Zorrilla
Valladolid;0;5;José Zorrilla
Valladolid;0;6;José Zorrilla
Valladolid;1;0;José Zorrilla
Valladolid;1;1;José Zorrilla
Valladolid;1;2;José Zorrilla
Valladolid;1;3;José Zorrilla
Valladolid;1;4;José Zorrilla
Valladolid;1;5;José Zorrilla
Valladolid;2;0;José Zorrilla
Valladolid;2;1;José Zorrilla
Valladolid;2;2;José Zorrilla
Valladolid;2;3;José Zorrilla
Valladolid;2;4;José Zorrilla
Valladolid;2;5;José Zorrilla
Valladolid;3;0;José Zorrilla
Valladolid;3;1;José Zorrilla
Valladolid;3;2;José Zorrilla
Valladolid;3;3;José Zorrilla
Valladolid;4;0;José Zorrilla
Valladolid;4;1;José Zorrilla
Valladolid;4;2;José Zorrilla
Valladolid;4;5;José Zorrilla
Valladolid;5;0;José Zorrilla
Valladolid;5;1;José Zorrilla
Valladolid;6;1;José Zorrilla
Valladolid;6;2;José Zorrilla
Valladolid;7;0;José Zorrilla
Valladolid;7;1;José Zorrilla
Vecindario;0;1;
Vecindario;0;2;
Vecindario;0;3;
Vecindario;0;4;
Vecindario;1;0;
Vecindario;1;1;
Vecindario;1;2;
Vecindario;1;4;
Vecindario;1;5;
Vecindario;2;1;
Vecindario;4;2;
Villarreal B;0;0;
Villarreal B;0;1;
Villarreal B;0;2;
Villarreal B;0;3;
Villarreal B;1;0;
Villarreal B;1;1;
Villarreal B;1;2;
Villarreal B;1;4;
Villarreal B;2;0;
Villarreal B;2;1;
Villarreal B;2;2;
Villarreal B;2;3;
Villarreal B;2;5;
Villarreal B;3;1;
Villarreal B;3;2;
Villarreal B;3;3;
Villarreal B;3;4;
Villarreal B;4;0;
Villarreal B;4;2;
Villarreal B;4;3;
Villarreal;0;0;El Madrigal
Villarreal;0;1;El Madrigal
Villarreal;0;2;El Madrigal
Villarreal;0;3;El Madrigal
Villarreal;0;5;El Madrigal
Villarreal;0;6;El Madrigal
Villarreal;1;0;El Madrigal
Villarreal;1;1;El Madrigal
Villarreal;1;2;El Madrigal
Villarreal;1;3;El Madrigal
Villarreal;1;4;El Madrigal
Villarreal;1;5;El Madrigal
Villarreal;2;0;El Madrigal
Villarreal;2;1;El Madrigal
Villarreal;2;2;El Madrigal
Villarreal;2;3;El Madrigal
Villarreal;2;4;El Madrigal
Villarreal;2;5;El Madrigal
Villarreal;3;0;El Madrigal
Villarreal;3;1;El Madrigal
Villarreal;3;2;El Madrigal
Villarreal;3;3;El Madrigal
Villarreal;3;4;El Madrigal
Villarreal;4;0;El Madrigal
Villarreal;4;1;El Madrigal
Villarreal;4;2;El Madrigal
Villarreal;4;3;El Madrigal
Villarreal;4;4;El Madrigal
Villarreal;5;0;El Madrigal
Villarreal;5;1;El Madrigal
Villarreal;5;2;El Madrigal
Villarreal;6;1;El Madrigal
Villarreal;6;3;El Madrigal
Xerez;0;0;Municipal de Chapín
Xerez;0;1;Municipal de Chapín
Xerez;0;2;Municipal de Chapín
Xerez;0;3;Municipal de Chapín
Xerez;0;4;Municipal de Chapín
Xerez;0;6;Municipal de Chapín
Xerez;1;0;Municipal de Chapín
Xerez;1;1;Municipal de Chapín
Xerez;1;2;Municipal de Chapín
Xerez;1;3;Municipal de Chapín
Xerez;1;4;Municipal de Chapín
Xerez;2;0;Municipal de Chapín
Xerez;2;1;Municipal de Chapín
Xerez;2;2;Municipal de Chapín
Xerez;2;3;Municipal de Chapín
Xerez;2;4;Municipal de Chapín
Xerez;3;0;Municipal de Chapín
Xerez;3;1;Municipal de Chapín
Xerez;3;2;Municipal de Chapín
Xerez;3;3;Municipal de Chapín
Xerez;3;4;Municipal de Chapín
Xerez;3;5;Municipal de Chapín
Xerez;4;0;Municipal de Chapín
Xerez;4;1;Municipal de Chapín
Xerez;4;2;Municipal de Chapín
Xerez;4;3;Municipal de Chapín
Xerez;4;4;Municipal de Chapín
Xerez;5;0;Municipal de Chapín
Xerez;5;3;Municipal de Chapín
Zaragoza B;0;0;
Zaragoza B;0;1;
Zaragoza B;0;3;
Zaragoza B;1;0;
Zaragoza B;1;1;
Zaragoza B;1;2;
Zaragoza B;2;1;
Zaragoza B;2;2;
Zaragoza B;2;3;
Zaragoza B;3;1;
Zaragoza B;3;2;
Zaragoza;0;0;La Romareda
Zaragoza;0;1;La Romareda
Zaragoza;0;2;La Romareda
Zaragoza;0;3;La Romareda
Zaragoza;0;4;La Romareda
Zaragoza;0;6;La Romareda
Zaragoza;1;0;La Romareda
Zaragoza;1;1;La Romareda
Zaragoza;1;2;La Romareda
Zaragoza;1;3;La Romareda
Zaragoza;1;4;La Romareda
Zaragoza;1;5;La Romareda
Zaragoza;1;6;La Romareda
Zaragoza;1;7;La Romareda
Zaragoza;2;0;La Romareda
Zaragoza;2;1;La Romareda
Zaragoza;2;2;La Romareda
Zaragoza;2;3;La Romareda
Zaragoza;2;4;La Romareda
Zaragoza;3;0;La Romareda
Zaragoza;3;1;La Romareda
Zaragoza;3;2;La Romareda
Zaragoza;3;3;La Romareda
Zaragoza;3;4;La Romareda
Zaragoza;3;5;La Romareda
Zaragoza;4;0;La Romareda
Zaragoza;4;1;La Romareda
Zaragoza;4;2;La Romareda
Zaragoza;4;3;La Romareda
Zaragoza;4;4;La Romareda
Zaragoza;5;0;La Romareda
Zaragoza;5;1;La Romareda
Zaragoza;5;2;La Romareda
Zaragoza;5;3;La Romareda
Zaragoza;6;0;La Romareda
Zaragoza;6;1;La Romareda
Zaragoza;6;2;La Romareda
Zaragoza;6;3;La Romareda
Zaragoza;7;2;La Romareda
Zaragoza;8;1;La Romareda
